label,name,degree
ASN,AS13335,2048
ASN,AS47583,789
ASN,AS31898,311
ASN,AS22612,297
ASN,AS16509,214
ASN,AS20473,209
ASN,AS8560,198
ASN,AS14061,183
ASN,AS6939,180
ASN,AS209242,139
ASN,AS16276,113
ASN,AS398101,110
ASN,AS24940,109
ASN,AS46606,77
ASN,AS60781,76
ASN,AS28753,74
ASN,AS30058,61
ASN,AS19871,61
ASN,AS399629,58
ASN,AS51167,54
ASN,AS45102,48
ASN,AS37963,48
ASN,AS15169,47
ASN,AS31034,46
ASN,AS396982,45
ASN,AS14618,45
ASN,AS63949,42
ASN,AS202412,40
ASN,AS45090,40
ASN,AS54113,39
ASN,AS26496,37
ASN,AS51468,35
ASN,AS9123,33
ASN,AS30148,33
ASN,AS45638,33
ASN,AS997,32
ASN,AS26347,32
ASN,AS132203,31
ASN,AS40244,31
ASN,AS9009,29
ASN,AS8075,29
ASN,AS24961,27
ASN,AS36352,25
ASN,AS6724,25
ASN,AS50474,25
ASN,AS29222,25
ASN,AS27715,25
ASN,AS36454,22
ASN,AS210644,22
ASN,AS21499,22
ASN,AS210006,22
ASN,AS51852,21
ASN,AS152194,21
ASN,AS210558,21
ASN,AS34762,20
ASN,AS45753,18
ASN,AS136557,18
ASN,AS138995,17
ASN,AS37153,17
ASN,AS30600,17
ASN,AS29802,17
ASN,AS207043,16
ASN,AS394695,16
ASN,AS19318,16
ASN,AS29873,16
ASN,AS42612,15
ASN,AS39570,15
ASN,AS58212,14
ASN,AS54641,14
ASN,AS14956,13
ASN,AS398019,13
ASN,AS34282,13
ASN,AS14670,13
ASN,AS62005,12
ASN,AS210403,12
ASN,AS40021,11
ASN,AS202226,11
ASN,AS133618,11
ASN,AS206281,11
ASN,AS63410,11
ASN,AS53667,10
ASN,AS38719,10
ASN,AS33182,10
ASN,AS9370,10
ASN,AS22611,10
ASN,AS400754,10
ASN,AS53589,10
ASN,AS141995,9
ASN,AS47846,9
ASN,AS53831,9
ASN,AS200019,9
ASN,AS199959,9
ASN,AS198610,9
ASN,AS32244,9
ASN,AS216071,9
ASN,AS141679,9
ASN,AS55293,8
ASN,AS3786,8
ASN,AS204800,8
ASN,AS63473,8
ASN,AS46475,8
ASN,AS399883,8
ASN,AS51275,8
ASN,AS53850,8
ASN,AS33387,8
ASN,AS62904,8
ASN,AS200593,8
ASN,AS205759,8
ASN,AS200325,7
ASN,AS199404,7
ASN,AS206834,7
ASN,AS58182,7
ASN,AS21859,7
ASN,AS34931,7
ASN,AS14555,7
ASN,AS3223,7
ASN,AS401701,7
ASN,AS215439,7
ASN,AS4713,7
ASN,AS28299,7
ASN,AS397423,7
ASN,AS154177,7
ASN,AS63139,7
ASN,AS56485,7
ASN,AS399486,6
ASN,AS32475,6
ASN,AS53107,6
ASN,AS19437,6
ASN,AS63023,6
ASN,AS23470,6
ASN,AS141004,6
ASN,AS32613,6
ASN,AS63760,6
ASN,AS135917,6
ASN,AS205275,6
ASN,AS12637,6
ASN,AS212238,6
ASN,AS203273,6
ASN,AS213230,6
ASN,AS401696,6
ASN,AS214351,6
ASN,AS52148,5
ASN,AS205775,5
ASN,AS59939,5
ASN,AS150055,5
ASN,AS50926,5
ASN,AS27823,5
ASN,AS40034,5
ASN,AS9318,5
ASN,AS197695,5
ASN,AS42831,5
ASN,AS141584,5
ASN,AS51713,5
ASN,AS214673,5
ASN,AS396073,5
ASN,AS215391,5
ASN,AS50613,5
ASN,AS402253,5
ASN,AS399077,5
ASN,AS197170,5
ASN,AS135377,5
ASN,AS56971,5
ASN,AS136052,4
ASN,AS135357,4
ASN,AS34119,4
ASN,AS62468,4
ASN,AS3816,4
ASN,AS197540,4
ASN,AS52284,4
ASN,AS202468,4
ASN,AS23352,4
ASN,AS62240,4
ASN,AS132839,4
ASN,AS19551,4
ASN,AS47447,4
ASN,AS41745,4
ASN,AS48254,4
ASN,AS135905,4
ASN,AS12876,4
ASN,AS329184,4
ASN,AS41079,4
ASN,AS39729,4
ASN,AS8648,4
ASN,AS60798,4
ASN,AS208154,4
ASN,AS2635,4
ASN,AS40092,4
ASN,AS50292,4
ASN,AS55803,4
ASN,AS329278,4
ASN,AS49604,4
ASN,AS150142,4
ASN,AS23884,4
ASN,AS43641,4
ASN,AS58061,4
ASN,AS398256,4
ASN,AS213790,4
ASN,AS214961,4
ASN,AS152485,4
ASN,AS139659,4
ASN,AS215859,3
ASN,AS393960,3
ASN,AS29182,3
ASN,AS40401,3
ASN,AS60117,3
ASN,AS49505,3
ASN,AS44925,3
ASN,AS213354,3
ASN,AS9952,3
ASN,AS54290,3
ASN,AS40676,3
ASN,AS9286,3
ASN,AS54801,3
ASN,AS212477,3
ASN,AS140869,3
ASN,AS7303,3
ASN,AS25820,3
ASN,AS213702,3
ASN,AS63025,3
ASN,AS39308,3
ASN,AS400897,3
ASN,AS4134,3
ASN,AS54600,3
ASN,AS51659,3
ASN,AS30277,3
ASN,AS45544,3
ASN,AS208414,3
ASN,AS21069,3
ASN,AS7162,3
ASN,AS146859,3
ASN,AS198068,3
ASN,AS60068,3
ASN,AS37611,3
ASN,AS48635,3
ASN,AS209622,3
ASN,AS29405,3
ASN,AS39122,3
ASN,AS4766,3
ASN,AS142403,3
ASN,AS214036,3
ASN,AS206134,3
ASN,AS133199,3
ASN,AS25198,3
ASN,AS931,3
ASN,AS49981,3
ASN,AS198550,3
ASN,AS43180,3
ASN,AS147049,3
ASN,AS55933,3
ASN,AS979,3
ASN,AS201988,3
ASN,AS55990,3
ASN,AS137718,3
ASN,AS135581,3
ASN,AS200313,3
ASN,AS134768,3
ASN,AS58580,3
ASN,AS8796,3
ASN,AS26383,2
ASN,AS266618,2
ASN,AS209373,2
ASN,AS18186,2
ASN,AS25490,2
ASN,AS12874,2
ASN,AS43515,2
ASN,AS56322,2
ASN,AS395092,2
ASN,AS213848,2
ASN,AS5606,2
ASN,AS36351,2
ASN,AS64107,2
ASN,AS200051,2
ASN,AS212531,2
ASN,AS138915,2
ASN,AS45899,2
ASN,AS58329,2
ASN,AS204601,2
ASN,AS213772,2
ASN,AS2639,2
ASN,AS4907,2
ASN,AS209101,2
ASN,AS53087,2
ASN,AS209341,2
ASN,AS200651,2
ASN,AS36909,2
ASN,AS19853,2
ASN,AS20860,2
ASN,AS56067,2
ASN,AS131775,2
ASN,AS965,2
ASN,AS45012,2
ASN,AS135822,2
ASN,AS197019,2
ASN,AS210250,2
ASN,AS263753,2
ASN,AS28209,2
ASN,AS398787,2
ASN,AS131353,2
ASN,AS139016,2
ASN,AS48854,2
ASN,AS36666,2
ASN,AS328364,2
ASN,AS136821,2
ASN,AS197902,2
ASN,AS12703,2
ASN,AS48324,2
ASN,AS273612,2
ASN,AS20546,2
ASN,AS205544,2
ASN,AS46015,2
ASN,AS204932,2
ASN,AS133296,2
ASN,AS47302,2
ASN,AS29066,2
ASN,AS200000,2
ASN,AS44112,2
ASN,AS8972,2
ASN,AS8739,2
ASN,AS46844,2
ASN,AS43350,2
ASN,AS44709,2
ASN,AS32097,2
ASN,AS197712,2
ASN,AS214188,2
ASN,AS15817,2
ASN,AS52030,2
ASN,AS3170,2
ASN,AS34177,2
ASN,AS150156,2
ASN,AS12574,2
ASN,AS17506,2
ASN,AS399282,2
ASN,AS215540,2
ASN,AS38700,2
ASN,AS45996,2
ASN,AS20857,2
ASN,AS201814,2
ASN,AS61382,2
ASN,AS204170,2
ASN,AS135097,2
ASN,AS30823,2
ASN,AS174,2
ASN,AS15699,2
ASN,AS201106,2
ASN,AS34788,2
ASN,AS40630,2
ASN,AS20738,2
ASN,AS15967,2
ASN,AS15557,2
ASN,AS55720,2
ASN,AS60446,2
ASN,AS31244,2
ASN,AS62041,2
ASN,AS16625,2
ASN,AS26832,2
ASN,AS212921,2
ASN,AS26666,2
ASN,AS39287,2
ASN,AS9919,2
ASN,AS399471,2
ASN,AS149440,2
ASN,AS215381,2
ASN,AS209946,2
ASN,AS7018,2
ASN,AS51396,2
ASN,AS219502,2
ASN,AS132883,2
ASN,AS400619,2
ASN,AS8151,2
ASN,AS42708,2
ASN,AS4837,2
ASN,AS197769,2
ASN,AS43776,1
ASN,AS29119,1
ASN,AS400940,1
ASN,AS153656,1
ASN,AS139880,1
ASN,AS59692,1
ASN,AS44486,1
ASN,AS213802,1
ASN,AS154321,1
ASN,AS58791,1
ASN,AS50360,1
ASN,AS200322,1
ASN,AS58658,1
ASN,AS202425,1
ASN,AS151106,1
ASN,AS40680,1
ASN,AS57169,1
ASN,AS28824,1
ASN,AS201579,1
ASN,AS272547,1
ASN,AS3549,1
ASN,AS701,1
ASN,AS53038,1
ASN,AS19679,1
ASN,AS45839,1
ASN,AS33837,1
ASN,AS211443,1
ASN,AS9294,1
ASN,AS147303,1
ASN,AS151967,1
ASN,AS153523,1
ASN,AS11990,1
ASN,AS4788,1
ASN,AS36913,1
ASN,AS207326,1
ASN,AS47381,1
ASN,AS51790,1
ASN,AS36874,1
ASN,AS205654,1
ASN,AS49468,1
ASN,AS394432,1
ASN,AS21554,1
ASN,AS209274,1
ASN,AS32934,1
ASN,AS198920,1
ASN,AS59323,1
ASN,AS22552,1
ASN,AS27947,1
ASN,AS24835,1
ASN,AS262420,1
ASN,AS49056,1
ASN,AS6400,1
ASN,AS22927,1
ASN,AS10620,1
ASN,AS8452,1
ASN,AS34594,1
ASN,AS11664,1
ASN,AS57724,1
ASN,AS41436,1
ASN,AS3462,1
ASN,AS30860,1
ASN,AS149020,1
ASN,AS132335,1
ASN,AS42861,1
ASN,AS58469,1
ASN,AS139646,1
ASN,AS200430,1
ASN,AS216139,1
ASN,AS43128,1
ASN,AS60591,1
ASN,AS138145,1
ASN,AS59253,1
ASN,AS12252,1
ASN,AS209553,1
ASN,AS270179,1
ASN,AS394380,1
ASN,AS135951,1
ASN,AS37109,1
ASN,AS29017,1
ASN,AS11878,1
ASN,AS27589,1
ASN,AS53057,1
ASN,AS398839,1
ASN,AS8365,1
ASN,AS17054,1
ASN,AS44043,1
ASN,AS30083,1
ASN,AS15954,1
ASN,AS13737,1
ASN,AS9371,1
ASN,AS24640,1
ASN,AS36218,1
ASN,AS203363,1
ASN,AS57367,1
ASN,AS149161,1
ASN,AS30633,1
ASN,AS265831,1
ASN,AS21409,1
ASN,AS26042,1
ASN,AS264077,1
ASN,AS8708,1
ASN,AS62082,1
ASN,AS56851,1
ASN,AS62214,1
ASN,AS329263,1
ASN,AS61189,1
ASN,AS31042,1
ASN,AS263702,1
ASN,AS136797,1
ASN,AS37313,1
ASN,AS31477,1
ASN,AS9498,1
ASN,AS18024,1
ASN,AS29134,1
ASN,AS16347,1
ASN,AS39962,1
ASN,AS39392,1
ASN,AS14492,1
ASN,AS203476,1
ASN,AS8368,1
ASN,AS397273,1
ASN,AS198066,1
ASN,AS53243,1
ASN,AS51559,1
ASN,AS680,1
ASN,AS27176,1
ASN,AS9008,1
ASN,AS206170,1
ASN,AS133694,1
ASN,AS262954,1
ASN,AS38493,1
ASN,AS40509,1
ASN,AS59135,1
ASN,AS132322,1
ASN,AS51295,1
ASN,AS58955,1
ASN,AS209853,1
ASN,AS138358,1
ASN,AS274564,1
ASN,AS21260,1
ASN,AS48971,1
ASN,AS209150,1
ASN,AS32181,1
ASN,AS7506,1
ASN,AS42807,1
ASN,AS135682,1
ASN,AS44901,1
ASN,AS328882,1
ASN,AS12400,1
ASN,AS33970,1
ASN,AS149545,1
ASN,AS213192,1
ASN,AS25151,1
ASN,AS201446,1
ASN,AS16371,1
ASN,AS37519,1
ASN,AS12859,1
ASN,AS36943,1
ASN,AS10732,1
ASN,AS30447,1
ASN,AS29097,1
ASN,AS20055,1
ASN,AS1836,1
ASN,AS48894,1
ASN,AS138608,1
ASN,AS33915,1
ASN,AS19842,1
ASN,AS131965,1
ASN,AS24482,1
ASN,AS22458,1
ASN,AS41000,1
ASN,AS42585,1
ASN,AS47521,1
ASN,AS59210,1
ASN,AS12996,1
ASN,AS33876,1
ASN,AS4826,1
ASN,AS12779,1
ASN,AS22541,1
ASN,AS24560,1
ASN,AS270327,1
ASN,AS19527,1
ASN,AS2514,1
ASN,AS15083,1
ASN,AS133945,1
ASN,AS135437,1
ASN,AS53755,1
ASN,AS12322,1
ASN,AS12616,1
ASN,AS36444,1
ASN,AS20545,1
ASN,AS5391,1
ASN,AS3132,1
ASN,AS262256,1
ASN,AS216180,1
ASN,AS48660,1
ASN,AS9335,1
ASN,AS14001,1
ASN,AS58621,1
ASN,AS53292,1
ASN,AS210579,1
ASN,AS328853,1
ASN,AS34426,1
ASN,AS24066,1
ASN,AS267681,1
ASN,AS51013,1
ASN,AS23860,1
ASN,AS132056,1
ASN,AS12843,1
ASN,AS42730,1
ASN,AS40476,1
ASN,AS8851,1
ASN,AS58487,1
ASN,AS13767,1
ASN,AS12350,1
ASN,AS201536,1
ASN,AS199391,1
ASN,AS13649,1
ASN,AS60606,1
ASN,AS135222,1
ASN,AS57344,1
ASN,AS42846,1
ASN,AS208949,1
ASN,AS42532,1
ASN,AS43754,1
ASN,AS54994,1
ASN,AS152232,1
ASN,AS17878,1
ASN,AS138997,1
ASN,AS12338,1
ASN,AS55688,1
ASN,AS48347,1
ASN,AS139341,1
ASN,AS206264,1
ASN,AS44476,1
ASN,AS396362,1
ASN,AS215428,1
ASN,AS212317,1
ASN,AS34224,1
ASN,AS3352,1
ASN,AS14593,1
ASN,AS16532,1
ASN,AS11855,1
ASN,AS212112,1
ASN,AS201684,1
ASN,AS50010,1
ASN,AS28885,1
ASN,AS207957,1
ASN,AS15694,1
ASN,AS48950,1
ASN,AS41564,1
ASN,AS57858,1
ASN,AS53066,1
ASN,AS8622,1
ASN,AS749,1
ASN,AS207461,1
ASN,AS6697,1
ASN,AS61211,1
ASN,AS53055,1
ASN,AS49453,1
ASN,AS20677,1
ASN,AS204213,1
ASN,AS46050,1
ASN,AS5089,1
ASN,AS203417,1
ASN,AS328037,1
ASN,AS211126,1
ASN,AS12824,1
ASN,AS207459,1
ASN,AS9328,1
ASN,AS39421,1
ASN,AS62563,1
ASN,AS198968,1
ASN,AS270439,1
ASN,AS17378,1
ASN,AS24971,1
ASN,AS17444,1
ASN,AS212296,1
ASN,AS48282,1
ASN,AS55286,1
ASN,AS154383,1
ASN,AS198364,1
ASN,AS39798,1
ASN,AS213250,1
ASN,AS138195,1
ASN,AS49791,1
ASN,AS24863,1
ASN,AS204044,1
ASN,AS395880,1
ASN,AS967,1
ASN,AS200823,1
ASN,AS6698,1
ASN,AS396356,1
ASN,AS35916,1
ASN,AS56694,1
ASN,AS214822,1
ASN,AS58087,1
ASN,AS212027,1
ASN,AS398764,1
ASN,AS212171,1
ASN,AS17676,1
ASN,AS22827,1
ASN,AS21947,1
ASN,AS11776,1
ASN,AS11427,1
ASN,AS212136,1
ASN,AS215730,1
ASN,AS198953,1
ASN,AS211486,1
ASN,AS206378,1
ASN,AS213282,1
ASN,AS216046,1
ASN,AS211138,1
ASN,AS20312,1
ASN,AS142299,1
ASN,AS270353,1
ASN,AS135388,1
ASN,AS208951,1
ASN,AS146817,1
ASN,AS198134,1
ASN,AS12389,1
ASN,AS42610,1
ASN,AS49581,1
ASN,AS42275,1
ASN,AS133752,1
ASN,AS202015,1
ASN,AS138415,1
ASN,AS49367,1
ASN,AS209605,1
ASN,AS50053,1
ASN,AS64236,1
ASN,AS399114,1
ASN,AS397373,1
ASN,AS12810,1
ASN,AS49392,1
ASN,AS205431,1
ASN,AS135089,1
ASN,AS142637,1
ASN,AS200758,1
ASN,AS137699,1
ASN,AS136038,1
ASN,AS40861,1
ASN,AS133201,1
ASN,AS41722,1
ASN,AS44382,1
ASN,AS207350,1
ASN,AS134419,1
ASN,AS932,1
ASN,AS24544,1
ASN,AS4181,1
ASN,AS215703,1
ASN,AS137535,1
ASN,AS23889,1
ASN,AS152586,1
ASN,AS196728,1
ASN,AS58224,1
ASN,AS48716,1
ASN,AS7393,1
ASN,AS134677,1
ASN,AS136258,1
ASN,AS151858,1
ASN,AS400992,1
ASN,AS209693,1
ASN,AS24444,1
HostingProvider,"Cloudflare, Inc.",2007
HostingProvider,Hostinger International Limited,789
HostingProvider,Oracle Corporation,311
HostingProvider,"Namecheap, Inc.",297
HostingProvider,"Amazon.com, Inc.",233
HostingProvider,"The Constant Company, LLC",209
HostingProvider,IONOS SE,198
HostingProvider,"DigitalOcean, LLC",183
HostingProvider,"GoDaddy.com, LLC",159
HostingProvider,"Cloudflare London, LLC",139
HostingProvider,Hurricane Electric LLC,126
HostingProvider,Hetzner Online GmbH,116
HostingProvider,OVH SAS,113
HostingProvider,Unified Layer,77
HostingProvider,Google LLC,65
HostingProvider,FDCservers.net,61
HostingProvider,WHG Hosting Services Ltd,60
HostingProvider,"Network Solutions, LLC",60
HostingProvider,BL Networks,58
HostingProvider,Contabo GmbH,54
HostingProvider,"Alibaba (US) Technology Co., Ltd.",48
HostingProvider,"Hangzhou Alibaba Advertising Co.,Ltd.",48
HostingProvider,Aruba S.p.A.,45
HostingProvider,Akamai Connected Cloud,42
HostingProvider,Omegatech LTD,40
HostingProvider,Shenzhen Tencent Computer Systems Company Limited,40
HostingProvider,LeaseWeb Netherlands B.V.,36
HostingProvider,One.com A/S,35
HostingProvider,Cloudflare Pages,34
HostingProvider,Jsc timeweb,33
HostingProvider,SYNERGY WHOLESALE PTY LTD,33
HostingProvider,Beyotta Services LLP,32
HostingProvider,Sucuri,32
HostingProvider,"New Dream Network, LLC",32
HostingProvider,"Tencent Building, Kejizhongyi Avenue",31
HostingProvider,Turnkey Internet Inc.,31
HostingProvider,M247 Europe SRL,29
HostingProvider,HostPapa,29
HostingProvider,Microsoft Corporation,29
HostingProvider,Google Blogger,27
HostingProvider,Leaseweb Deutschland GmbH,27
HostingProvider,WIIT AG,27
HostingProvider,Strato GmbH,25
HostingProvider,O2switch SAS,25
HostingProvider,Infomaniak Network SA,25
HostingProvider,Locaweb Servicos de Internet S/A,25
HostingProvider,Host Europe GmbH,24
HostingProvider,"InMotion Hosting, Inc.",24
HostingProvider,Vercel,23
HostingProvider,"Fastly, Inc.",23
HostingProvider,Aeza Group LLC,22
HostingProvider,Shereverov Marat Ahmedovich,22
HostingProvider,Private Layer INC,21
HostingProvider,CTG Server Limited,21
HostingProvider,1337 Services GmbH,21
HostingProvider,Combell NV,20
HostingProvider,"Interserver, Inc",18
HostingProvider,Netsec Limited,18
HostingProvider,Host Universal Pty Ltd,18
HostingProvider,Antbox Networks Limited,17
HostingProvider,Xneelo (Pty) Ltd,17
HostingProvider,Metronet,17
HostingProvider,"HIVELOCITY, Inc.",17
HostingProvider,GitHub Pages,16
HostingProvider,Dedik Services Limited,16
HostingProvider,PDR,16
HostingProvider,"Newfold Digital, Inc.",16
HostingProvider,DinaHosting S.L.,15
HostingProvider,Loopia AB,15
HostingProvider,dataforest GmbH,14
HostingProvider,RouterHosting LLC,13
HostingProvider,Dynu Systems Incorporated,13
HostingProvider,cognetcloud INC,13
HostingProvider,Team Blue Carrier Limited,13
HostingProvider,BlueVPS OU,12
HostingProvider,Groupe LWS SARL,12
HostingProvider,SAKURA Internet Inc.,11
HostingProvider,Great Flower,11
HostingProvider,Trellian Pty. Limited,11
HostingProvider,Stichting DIGI NL,11
HostingProvider,PrivateSystems Networks,11
HostingProvider,Contabo Inc.,10
HostingProvider,FranTech Solutions,10
HostingProvider,Dreamscape Networks Limited,10
HostingProvider,"HostDime.com, Inc.",10
HostingProvider,PlanetHoster,10
HostingProvider,"Liquid Web, L.L.C",10
HostingProvider,Contabo Asia Private Limited,9
HostingProvider,SEDO GmbH,9
HostingProvider,"Squarespace, Inc.",9
HostingProvider,Alexhost Srl,9
HostingProvider,Gwy It Pty Ltd,9
HostingProvider,Beget LLC,9
HostingProvider,Datacamp Limited,9
HostingProvider,Servers Tech Fzco,9
HostingProvider,China Telecom Beijing Tianjin Hebei Big Data Industry Park Branch,9
HostingProvider,"A2 Hosting, Inc.",8
HostingProvider,LG DACOM Corporation,8
HostingProvider,"HostHatch, LLC",8
HostingProvider,"Limestone Networks, Inc.",8
HostingProvider,CodeforHost Inc,8
HostingProvider,Viacom Informatics Ltd.,8
HostingProvider,"GorillaServers, Inc.",8
HostingProvider,"Nocix, LLC",8
HostingProvider,Eonix Corporation,8
HostingProvider,Prospero Ooo,8
HostingProvider,Ghosty Networks LLC,8
HostingProvider,"BUNNYWAY, informacijske storitve d.o.o.",7
HostingProvider,Team Internet AG,7
HostingProvider,Wix.com Ltd.,7
HostingProvider,Zenlayer Inc,7
HostingProvider,Awareness Software Limited,7
HostingProvider,LiquidNet US LLC,7
HostingProvider,Voxility LLP,7
HostingProvider,Play2go International Limited,7
HostingProvider,"NTT DOCOMO BUSINESS,Inc.",7
HostingProvider,LWSA S/A,7
HostingProvider,Tier.Net Technologies LLC,7
HostingProvider,LIGHT NODE LIMITED,7
HostingProvider,"Ultahost, Inc.",7
HostingProvider,BEDGE CO LIMITED,7
HostingProvider,TheHost LLC,7
HostingProvider,12651980 CANADA INC.,6
HostingProvider,Internap Holding LLC,6
HostingProvider,EVEO S.A.,6
HostingProvider,SECURED SERVERS LLC,6
HostingProvider,GTHost,6
HostingProvider,ReliableSite.Net LLC,6
HostingProvider,Host Africa (Pty) Ltd,6
HostingProvider,QTIME BUSINESSES PRIVATE LIMITED,6
HostingProvider,Leaseweb Canada Inc.,6
HostingProvider,dogado GmbH,6
HostingProvider,AZDIGI Corporation,6
HostingProvider,Cong ty TNHH Web Panda,6
HostingProvider,ROMARG SRL,6
HostingProvider,SEEWEB s.r.l.,6
HostingProvider,NetCrafters OU,6
HostingProvider,Femo It Solutions Limited,6
HostingProvider,Webflow,5
HostingProvider,Enix Ltd,5
HostingProvider,Neon Core Network LLC,5
HostingProvider,WIBO Baltic UAB,5
HostingProvider,DIGITAL SNAP,5
HostingProvider,"Axarnet Comunicaciones, S.l.",5
HostingProvider,Dattatec.com,5
HostingProvider,Confluence Networks Inc,5
HostingProvider,SK Broadband Co Ltd,5
HostingProvider,"Domain names registrar REG.RU, Ltd",5
HostingProvider,"WEDOS Internet, a.s.",5
HostingProvider,UK Dedicated Servers Limited,5
HostingProvider,PT Jetorbit Teknologi Indonesia,5
HostingProvider,mijn.host B.V.,5
HostingProvider,"Majestic Hosting Solutions, LLC",5
HostingProvider,CAFER ESER,5
HostingProvider,Advania Island ehf,5
HostingProvider,SKN Subnet & Telecom Ltd,5
HostingProvider,Tcloudnet,5
HostingProvider,TechTies Inc.,5
HostingProvider,Cgi Global Limited,5
HostingProvider,PT Cloud Hosting Indonesia,4
HostingProvider,"HONG KONG KOWLOON TELECOMMUNICATIONS CO.,LIMITED",4
HostingProvider,Wildcard UK Limited,4
HostingProvider,VpsQuan L.L.C.,4
HostingProvider,Rostelecom,4
HostingProvider,COLOMBIA TELECOMUNICACIONES S.A. ESP BIC,4
HostingProvider,netcup GmbH,4
HostingProvider,Panamaserver.com,4
HostingProvider,Noyan Abr Arvan Co. ( Private Joint Stock),4
HostingProvider,DEFT.COM,4
HostingProvider,PEG TECH INC,4
HostingProvider,Clouvider Limited,4
HostingProvider,POWER LINE DATACENTER,4
HostingProvider,Incapsula Inc,4
HostingProvider,23M GmbH,4
HostingProvider,Baykov Ilya Sergeevich,4
HostingProvider,LLC Baxet,4
HostingProvider,20i Limited,4
HostingProvider,VIETNAM POSTS AND TELECOMMUNICATIONS GROUP,4
HostingProvider,Scaleway SAS,4
HostingProvider,Cyber_Folks S.A.,4
HostingProvider,Register S.p.A.,4
HostingProvider,Servereasy Srl,4
HostingProvider,ELIN.hu Informatikai Szolgaltato es Tanacsado Kft.,4
HostingProvider,"Automattic, Inc",4
HostingProvider,Access UK Ltd,4
HostingProvider,Hostopia Australia Web Pty Ltd,4
HostingProvider,Truehost Cloud Limited,4
HostingProvider,Zone Media OU,4
HostingProvider,Wolast Technologies,4
HostingProvider,Proen Corp Public Company Limited.,4
HostingProvider,SOLLUTIUM EU Sp z.o.o.,4
HostingProvider,Scalaxy B.V.,4
HostingProvider,UCLOUD INFORMATION TECHNOLOGY (HK) LIMITED,4
HostingProvider,Hyonix,4
HostingProvider,Limited Network LTD,4
HostingProvider,Stellar Group SAS,4
HostingProvider,Hosterdaddy Private Limited,4
HostingProvider,LUCIDACLOUD LIMITED,4
HostingProvider,Host4Geeks LLC,3
HostingProvider,JSC IOT,3
HostingProvider,Backblaze Inc,3
HostingProvider,Host Sailor Ltd,3
HostingProvider,JSC Selectel,3
HostingProvider,1984 ehf,3
HostingProvider,International Hosting Solutions Llp,3
HostingProvider,Hostway IDC,3
HostingProvider,Hostwinds LLC.,3
HostingProvider,Psychz Networks,3
HostingProvider,KINX,3
HostingProvider,Zillion Network Inc.,3
HostingProvider,RoyaleHosting BV,3
HostingProvider,Turing Group Limited,3
HostingProvider,Telecom Argentina S.A.,3
HostingProvider,IT7 Networks Inc,3
HostingProvider,QWINS LTD,3
HostingProvider,NOHAVPS LLC,3
HostingProvider,Andishe Sabz Khazar Co. P.j.s.,3
HostingProvider,PETROSKY CLOUD LLC,3
HostingProvider,Chinanet,3
HostingProvider,"Leaseweb USA, Inc.",3
HostingProvider,DFW Datacenter,3
HostingProvider,SUPERDATA-VN,3
HostingProvider,METANET AG,3
HostingProvider,Universo Online S.A.,3
HostingProvider,Absolute Networks Pvt Ltd,3
HostingProvider,P.a.g.m. Ou,3
HostingProvider,AFRIHOST SP (PTY) LTD,3
HostingProvider,Your Hosting B.V.,3
HostingProvider,uPress Inc,3
HostingProvider,VNET a.s.,3
HostingProvider,Blacknight Internet Solutions Limited,3
HostingProvider,Korea Telecom,3
HostingProvider,YISU CLOUD LTD,3
HostingProvider,Nekobyte International Limited,3
HostingProvider,SonderCloud Limited,3
HostingProvider,Interkvm Host Srl,3
HostingProvider,WorldStream B.V.,3
HostingProvider,Node Host Limited,3
HostingProvider,Trunk Networks LTD,3
HostingProvider,PacketHub S.A.,3
HostingProvider,Cloudie Limited,3
HostingProvider,NetLab Global,3
HostingProvider,VPSPay Networks LTD,3
HostingProvider,Huawei Cloud Service data center,3
HostingProvider,"Beijing Volcano Engine Technology Co., Ltd.",3
HostingProvider,"19 Chun Wang Street, Tseung Kwan O Industrial Estate, N.T. Hong Kong",3
HostingProvider,IT WEB LTD,3
HostingProvider,CHINANET SHAANXI province Cloud Base network,3
HostingProvider,Fastrack Technology,3
HostingProvider,FASTNET DATA INC,3
HostingProvider,Baxet Group Inc.,2
HostingProvider,MEGA PROVEDOR - SERVICOS DE INTERNET LTDA - ME,2
HostingProvider,Swissnet LLC,2
HostingProvider,"OWGELS INTERNATIONAL CO., LIMITED",2
HostingProvider,Nebula Global LLC,2
HostingProvider,"GMO Internet, Inc.",2
HostingProvider,Fastweb,2
HostingProvider,Google Ireland Limited,2
HostingProvider,ServerAstra Kft.,2
HostingProvider,Shock Hosting LLC,2
HostingProvider,Navicosoft Pty Ltd,2
HostingProvider,GTS Telecom SRL,2
HostingProvider,IBM Cloud,2
HostingProvider,RACK SPHERE HOSTING S.A.,2
HostingProvider,Rizki Abdul Azis,2
HostingProvider,UAB Interneto vizija,2
HostingProvider,Kaopu Cloud HK Limited,2
HostingProvider,VNPT Corp,2
HostingProvider,servinga GmbH,2
HostingProvider,NovoServe B.V.,2
HostingProvider,UAB Baltnetos komunikacijos,2
HostingProvider,Virtual Systems LLC,2
HostingProvider,ZOHO,2
HostingProvider,BGPNET PTE. LTD.,2
HostingProvider,IP Vendetta Inc.,2
HostingProvider,TELY Ltda.,2
HostingProvider,FlokiNET ehf,2
HostingProvider,Habari Node Public Limited,2
HostingProvider,OrangeHost,2
HostingProvider,Iomart Cloud Services Limited,2
HostingProvider,453 Ladplacout Jorakhaebua,2
HostingProvider,PT. Jupiter Jala Arta,2
HostingProvider,Webhosting Holdings LLC,2
HostingProvider,Ovi Hosting Pvt Ltd,2
HostingProvider,K Media Tech Ltd.,2
HostingProvider,SERVICIOS DE DATACENTER DATANETWORKS LIMITADA,2
HostingProvider,Atman Sp. z o.o.,2
HostingProvider,Under Servicos de Internet Ltda,2
HostingProvider,NhanHoa Software company,2
HostingProvider,EXONHOST,2
HostingProvider,team.blue Denmark A/S,2
HostingProvider,GloboTech Communications,2
HostingProvider,PT TRIMEDIA SETIYA DATA,2
HostingProvider,Hostnet B.V.,2
HostingProvider,Pulsant (Scotland) Ltd,2
HostingProvider,webgo GmbH,2
HostingProvider,FABWEB SERVICOS DE INTERNET LTDA,2
HostingProvider,SOPRADO GmbH,2
HostingProvider,Leaseweb UK Limited,2
HostingProvider,Exa Bytes Network Sdn.Bhd.,2
HostingProvider,Friktoria.com - Data Center Services.,2
HostingProvider,Web Werks India Pvt. Ltd.,2
HostingProvider,cyon AG,2
HostingProvider,velia.net Internetdienste GmbH,2
HostingProvider,Hosting Ukraine LTD,2
HostingProvider,SpaceWeb Ltd,2
HostingProvider,ICDSoft Ltd.,2
HostingProvider,Sharktech,2
HostingProvider,NForce Entertainment B.V.,2
HostingProvider,O.m.c. Computers & Communications Ltd,2
HostingProvider,"WholeSale Internet, Inc.",2
HostingProvider,"10dencehispahard, S.L.",2
HostingProvider,VoltHosting Ltd,2
HostingProvider,Mittwald CM Service GmbH & Co. KG,2
HostingProvider,Server Plan S.r.l.,2
HostingProvider,VeloxServ Communications Ltd,2
HostingProvider,Celeste SAS,2
HostingProvider,99IT,2
HostingProvider,Hosting.de GmbH,2
HostingProvider,ARTERIA Networks Corporation,2
HostingProvider,Connext LLC,2
HostingProvider,Global Connectivity Solutions Llp,2
HostingProvider,SMILESERV,2
HostingProvider,DAOU TECHNOLOGY,2
HostingProvider,Signet B.V.,2
HostingProvider,MEVSPACE sp. z o.o.,2
HostingProvider,Komisvyazinvest LLC,2
HostingProvider,Awaser Oman LLC,2
HostingProvider,LUOGELANG (FRANCE) LIMITED,2
HostingProvider,aurologic GmbH,2
HostingProvider,"Cogent Communications, LLC",2
HostingProvider,"Adam EcoTech, S.A",2
HostingProvider,Spartan Host Ltd,2
HostingProvider,Neue Medien Muennich GmbH,2
HostingProvider,"GridFury, LLC",2
HostingProvider,Heart Internet limited,2
HostingProvider,Nazwa.pl Sp.z.o.o.,2
HostingProvider,Societe Francaise Du Radiotelephone - SFR SA,2
HostingProvider,Gigabit Hosting Sdn Bhd,2
HostingProvider,Datema Bilisim Ticaret Anonim Sirketi,2
HostingProvider,My Server Media Srl,2
HostingProvider,Telegram Messenger Inc,2
HostingProvider,"Akamai Technologies, Inc.",2
HostingProvider,Rica Web Services,2
HostingProvider,Hdtidc Limited,2
HostingProvider,Materialism s.r.l.,2
HostingProvider,"New Century InfoComm Tech Co., Ltd.",2
HostingProvider,Des Equity LLC,2
HostingProvider,Evoxt Sdn. Bhd.,2
HostingProvider,Rockhoster Private Limited,2
HostingProvider,ALINDA LLC,2
HostingProvider,"AT&T Enterprises, LLC",2
HostingProvider,Pfcloud UG (haftungsbeschrankt),2
HostingProvider,Storm Industries LLC,2
HostingProvider,TOPWAY GLOBAL LIMITED,2
HostingProvider,AROSSCLOUD INC.,2
HostingProvider,UNINET,2
HostingProvider,Glesys AB,2
HostingProvider,CHINA UNICOM China169 Backbone,2
HostingProvider,VPS Dedicated LLC,2
HostingProvider,Netlify,1
HostingProvider,Relsoft communications Ltd.,1
HostingProvider,Aire Networks Del Mediterraneo Sl Unipersonal,1
HostingProvider,Railway,1
HostingProvider,Google App Engine,1
HostingProvider,IQWeb FZ-LLC,1
HostingProvider,SYNLINQ,1
HostingProvider,Tianfeng (Hong Kong) Communications Limited,1
HostingProvider,CORENET CLOUD SDN. BHD.,1
HostingProvider,Tamatiya EOOD,1
HostingProvider,Xankom Sarl,1
HostingProvider,DXTL,1
HostingProvider,IP Volume inc,1
HostingProvider,SRMAK TECHNOLOGICAL SYSTEM PRIVATE LIMITED,1
HostingProvider,Protocol Labs,1
HostingProvider,EDIS GmbH,1
HostingProvider,Emp Secure As,1
HostingProvider,Hostgnome Ltd,1
HostingProvider,Servicos de Infraestrutura e Datacenter,1
HostingProvider,"Level 3 Parent, LLC",1
HostingProvider,Verizon Business,1
HostingProvider,IDC19 SOLUCOES EM TECNOLOGIA DA INFORMACAO LTDA,1
HostingProvider,"Dropbox, Inc.",1
HostingProvider,Shinjiru Technology Sdn Bhd,1
HostingProvider,Fredrik Holmqvist,1
HostingProvider,Sino Worldwide Trading Limited,1
HostingProvider,GNET INC.,1
HostingProvider,ColoCone,1
HostingProvider,DLITS,1
HostingProvider,Ummah Host BD,1
HostingProvider,"Unlimited Net, LLC",1
HostingProvider,TM TECHNOLOGY SERVICES SDN. BHD.,1
HostingProvider,TELEKOM NETWORKS MALAWI LTD,1
HostingProvider,HostLAB Bilisim Teknolojileri A.S.,1
HostingProvider,Servergarden Kft.,1
HostingProvider,"SIEL, d.o.o.",1
HostingProvider,Cybersmart,1
HostingProvider,Labtech Systems Ltd,1
HostingProvider,Magit'st Srl,1
HostingProvider,"Wisconsin CyberLynk Network, Inc.",1
HostingProvider,Kraken Network ISP LTD,1
HostingProvider,"Facebook, Inc.",1
HostingProvider,Yevhen Hreshnykov,1
HostingProvider,Punjab Information Technology Board,1
HostingProvider,eSited Solutions,1
HostingProvider,Techtel LMDS Comunicaciones Interactivas S.A.,1
HostingProvider,Ddos-guard Ltd,1
HostingProvider,Kamatera Inc,1
HostingProvider,Data Communication Business Group,1
HostingProvider,WebHorizon Internet Services,1
HostingProvider,Foton Telecom CJSC,1
HostingProvider,Ministry of Communication & IT,1
HostingProvider,"HONG KONG LIGHTLAYER TECHNOLOGY CO., LIMITED",1
HostingProvider,WEBO LLC,1
HostingProvider,Iron Hosting Centre LTD,1
HostingProvider,"Webtasy, d.o.o.",1
HostingProvider,Support Chain LLC,1
HostingProvider,Web Host BD,1
HostingProvider,LEASEWEB SINGAPORE PTE. LTD.,1
HostingProvider,America Movil Peru S.A.C.,1
HostingProvider,Netvaz Limited,1
HostingProvider,PC ONLINE,1
HostingProvider,Webico Company Limited,1
HostingProvider,MyISP Limited,1
HostingProvider,NTT Global Data Centers EMEA UK Ltd.,1
HostingProvider,"tzulo, inc.",1
HostingProvider,MOJOHOST,1
HostingProvider,RedeHost Internet Ltda.,1
HostingProvider,Alliance Telecom,1
HostingProvider,Man-da.de GmbH,1
HostingProvider,Expedient,1
HostingProvider,Cyber_Folks SRL,1
HostingProvider,velia.net,1
HostingProvider,"Tecnocratica Centro de Datos, S.L.",1
HostingProvider,"Interconnecx, LLC",1
HostingProvider,BS Web Services GmbH,1
HostingProvider,Kuroit Limited,1
HostingProvider,MEGA TECHNOLOGY COMPANY LIMITED,1
HostingProvider,SOC. COMERCIAL WIRENET CHILE LTDA.,1
HostingProvider,Ikoula Net SAS,1
HostingProvider,"FiberState, LLC",1
HostingProvider,CLOUDX SERVICOS EM NUVEM LTDA,1
HostingProvider,Digi Romania S.A.,1
HostingProvider,Hostland LTD,1
HostingProvider,PE Skurykhin Mukola Volodumurovuch,1
HostingProvider,Rackforest Zrt.,1
HostingProvider,Libyan Spider for IT LTD.,1
HostingProvider,Elkdata OU,1
HostingProvider,Yettel d.o.o.,1
HostingProvider,GRUPO ZGH SPA,1
HostingProvider,Turbo I.T Limited,1
HostingProvider,Ghana Government (Ministry of Communications),1
HostingProvider,Duocast B.V.,1
HostingProvider,BHARTI Airtel Ltd.,1
HostingProvider,Bhutan Telecom Ltd,1
HostingProvider,"Webglobe, s.r.o.",1
HostingProvider,ADISTA SAS,1
HostingProvider,FullHost,1
HostingProvider,SH.cz s.r.o.,1
HostingProvider,"DataPipe, Inc.",1
HostingProvider,GANDI SAS,1
HostingProvider,Dstny BE N.V.,1
HostingProvider,Render,1
HostingProvider,"Grupo Loading Systems, S.L.",1
HostingProvider,Brasil Site Informatica LTDA,1
HostingProvider,Netinternet Bilisim Teknolojileri AS,1
HostingProvider,Verein zur Foerderung eines Deutschen Forschungsnetzes e.V.,1
HostingProvider,DataWagon LLC,1
HostingProvider,Visual Online S.A.,1
HostingProvider,Yelles AB,1
HostingProvider,EMAX GLOBAL MEDIA PVT. LTD,1
HostingProvider,VirtuaServer Informatica Ltda,1
HostingProvider,Royal Green Communication Limited,1
HostingProvider,"Fly.io, Inc.",1
HostingProvider,PT Suraloka Digital Kreatif,1
HostingProvider,Good Domain Registry Private Limited,1
HostingProvider,Tes Euro Media SRL,1
HostingProvider,"Bangmod Enterprise Co., Ltd.",1
HostingProvider,Veridyen Bilisim Teknolojileri Sanayi ve Ticaret Limited Sirketi,1
HostingProvider,Purple IT Ltd,1
HostingProvider,Halver LTDA,1
HostingProvider,The Positive Internet Company Ltd,1
HostingProvider,Datawire Ag,1
HostingProvider,Th.papamichail Vainas - G.psaltakis G.p,1
HostingProvider,GigeNET,1
HostingProvider,Cizgi Telekomunikasyon Anonim Sirketi,1
HostingProvider,Advika Web Developments Hosting Pvt Ltd,1
HostingProvider,Belcloud LTD,1
HostingProvider,Sahdsoft Technologies CC,1
HostingProvider,Partner Communications Ltd.,1
HostingProvider,M247 Ltd,1
HostingProvider,Hosting Home,1
HostingProvider,NetBase BV,1
HostingProvider,Cyso Group B.V.,1
HostingProvider,Soluciones web on line s.l.,1
HostingProvider,"acens Technologies, S.L.",1
HostingProvider,Xtranet,1
HostingProvider,BIT BV,1
HostingProvider,1 GRID (PTY) LTD,1
HostingProvider,TierraNet Inc.,1
HostingProvider,Internet Names For Business Inc.,1
HostingProvider,Hostpoint AG,1
HostingProvider,Wholesail networks LLC,1
HostingProvider,green.ch AG,1
HostingProvider,Optimus IT d.o.o.,1
HostingProvider,Cloud Host Pte Ltd,1
HostingProvider,Vodafone Libertel B.V.,1
HostingProvider,"Colosseum Online, Inc.",1
HostingProvider,Xserver Inc.,1
HostingProvider,SG.GS,1
HostingProvider,"CONVERGEONE HOLDINGS, INC.",1
HostingProvider,Freethought Internet Limited,1
HostingProvider,Metaregistrar B.V.,1
HostingProvider,IpHost P.C.,1
HostingProvider,PhoenixNAP,1
HostingProvider,Domeneshop AS,1
HostingProvider,"Dominios, S.A.",1
HostingProvider,Vocus Connect International Backbone,1
HostingProvider,IT.Gate S.p.A.,1
HostingProvider,MEGALINK S.R.L.,1
HostingProvider,"Bharti Airtel Ltd., Telemedia Services",1
HostingProvider,SECRETARIA MUNICIPAL DE GESTAO - SEMGE,1
HostingProvider,"NTT PC Communications, Inc.",1
HostingProvider,Infolink Global Corporation,1
HostingProvider,Md. Ahasan Kabir Choudhury t/a Gaibandha Online,1
HostingProvider,HostSG,1
HostingProvider,Input Output Flood LLC,1
HostingProvider,Free SAS,1
HostingProvider,Citytelecom LLC,1
HostingProvider,Georgian Research and Educational Networking Association (GRENA),1
HostingProvider,Hrvatski Telekom d.d.,1
HostingProvider,Red Cientifica Peruana,1
HostingProvider,Servicios Informaticos Hostname Ltda,1
HostingProvider,VERIUP Bulut Internet Hizmetleri A.S.,1
HostingProvider,National Telecom Public Company Limited,1
HostingProvider,Vision Net Ltd,1
HostingProvider,Vodien Internet Solutions Pte Ltd,1
HostingProvider,ManagedWay,1
HostingProvider,Rackhost Zrt.,1
HostingProvider,OXAHOST,1
HostingProvider,Shabakah Net,1
HostingProvider,Vietnam Internet Network Information Center,1
HostingProvider,Argentina Virtual Networks SRL,1
HostingProvider,WebSupport s.r.o.,1
HostingProvider,Alliance Broadband Services Pvt. Ltd.,1
HostingProvider,"RM B, 2/F 88 KWAI CHEONG ROAD",1
HostingProvider,TelemaxX Telekommunikation GmbH,1
HostingProvider,EVANZO e-commerce GmbH,1
HostingProvider,Scala Hosting LLC,1
HostingProvider,GCI Network Solutions Limited,1
HostingProvider,CV. Rumahweb Indonesia,1
HostingProvider,"DataBank Holdings, Ltd.",1
HostingProvider,VTX Services SA,1
HostingProvider,Sandyx Systems Limited,1
HostingProvider,One System Integration LTD,1
HostingProvider,Flexential Colorado Corp.,1
HostingProvider,PRO-ZETA a.s.,1
HostingProvider,MilesWeb Internet Services Pvt Ltd,1
HostingProvider,Telehouse EAD,1
HostingProvider,GNET Internet Telekomunikasyon A.S.,1
HostingProvider,Hbing Limited,1
HostingProvider,SIA VEESP,1
HostingProvider,Asiatech Data Transmission company,1
HostingProvider,Meteverse Limited.,1
HostingProvider,"kt cloud Co., Ltd",1
HostingProvider,DREAMMARK1,1
HostingProvider,Eons Data Communications Limited,1
HostingProvider,Euskaltel S.A.,1
HostingProvider,PT. Beon Intermedia,1
HostingProvider,JSC Mediasoft ekspert,1
HostingProvider,ACE,1
HostingProvider,Amarutu Technology Ltd,1
HostingProvider,Zetta Hosting Solutions LLC.,1
HostingProvider,Mykyta Skorobohatko,1
HostingProvider,Neterra Ltd.,1
HostingProvider,Telefonica De Espana S.a.u.,1
HostingProvider,Space Exploration Technologies Corporation,1
HostingProvider,B2B2C Inc,1
HostingProvider,Unitas Global,1
HostingProvider,Vladislav Novitskii,1
HostingProvider,Oman Data Park SAOC,1
HostingProvider,Omani Qatari Telecommunication Company SAOC,1
HostingProvider,Oman Telecommunications Company (S.A.O.G),1
HostingProvider,Serv.host Group Ltd,1
HostingProvider,Global Custom Data Limited,1
HostingProvider,Orion Network Limited,1
HostingProvider,Angelnet Limited,1
HostingProvider,VETORIALNET INF. E SERVICOS DE INTERNET LTDA,1
HostingProvider,Team Blue Internet Services Uk Limited,1
HostingProvider,United States Department of Defense (DoD),1
HostingProvider,Hosting Industry Limited,1
HostingProvider,Republican Unitary Telecommunication Enterprise Beltelecom,1
HostingProvider,SETCOR d.o.o.,1
HostingProvider,DIMENOC SERVICOS DE INFORMATICA LTDA,1
HostingProvider,Global Layer B.V.,1
HostingProvider,imos Gesellschaft fuer Internet-Marketing und Online-Services mbH,1
HostingProvider,Netmihan Communication Company Ltd,1
HostingProvider,PT JC Indonesia,1
HostingProvider,Virgin Media,1
HostingProvider,LH.pl Sp. z o.o.,1
HostingProvider,Optify Systems (Pty) Ltd,1
HostingProvider,home.pl sp. z o.o.,1
HostingProvider,Teknosos Bilisim Hizmetleri Ve Tic. Ltd. Sti.,1
HostingProvider,DATACOM SYSTEMS (AU) PTY LTD,1
HostingProvider,Sapinet SAS,1
HostingProvider,GLOBALTELEHOST Corp.,1
HostingProvider,Cyberneticos Hosting SL,1
HostingProvider,D S CUPERTINO SERVICOS DE HOSPEDAGEM NA INTERNET,1
HostingProvider,"TierPoint, LLC",1
HostingProvider,MasterDC s.r.o.,1
HostingProvider,HKBN Enterprise Solutions Limited,1
HostingProvider,Dade Pardazan Fahim Shahin Shahr (Ltd),1
HostingProvider,Hosting technology LTD,1
HostingProvider,B2 Net Solutions Inc.,1
HostingProvider,ZORNTECH WEB SOLUTIONS,1
HostingProvider,Banatsync Srl,1
HostingProvider,MivoCloud SRL,1
HostingProvider,ITP-Solutions GmbH & Co. KG,1
HostingProvider,MOACK.Co.LTD,1
HostingProvider,Newserverlife LLC,1
HostingProvider,Link Egypt (Link.NET),1
HostingProvider,Packet Star Networks Limited,1
HostingProvider,Boomerang Communications LLC,1
HostingProvider,VMISS Inc.,1
HostingProvider,MHost LLC,1
HostingProvider,Latitude.sh,1
HostingProvider,MULTACOM CORPORATION,1
HostingProvider,LLC Smart Ape,1
HostingProvider,Mt Finance LLC,1
HostingProvider,Florian Kolb,1
HostingProvider,PebbleHost Ltd,1
HostingProvider,Athena Cloud,1
HostingProvider,Local NCC Ltd.,1
HostingProvider,SoftBank Corp.,1
HostingProvider,"SMART CITY NETWORKS, LIMITED PARTNERSHIP",1
HostingProvider,"Blackfoot Telephone Cooperative, Inc.",1
HostingProvider,Breezeline,1
HostingProvider,Charter Communications Inc,1
HostingProvider,NUBES LLC,1
HostingProvider,H2nexus Ltd,1
HostingProvider,Proton66 OOO,1
HostingProvider,Alferov Aleksey Aleksandrovich,1
HostingProvider,FOP Dmytro Nedilskyi,1
HostingProvider,Ada Yuksek Teknoloji Limited Sirketi,1
HostingProvider,Tele.Co.Albania SHPK,1
HostingProvider,Private-Hosting di Cipriano oscar,1
HostingProvider,Fundacion Centro Nacional de Innovacion Tecnologica (CENIT),1
HostingProvider,"CLOUDFOREST CO., LTD.",1
HostingProvider,Tyna Host - Datacenter no Brasil,1
HostingProvider,RMP Protection Limited,1
HostingProvider,Itglobal.com Nl B.v.,1
HostingProvider,"Hubei Feixun Network Co., Ltd",1
HostingProvider,Ooo Getwifi,1
HostingProvider,Tube-Hosting,1
HostingProvider,Three Fourteen SASU,1
HostingProvider,LEASEWEB HONG KONG LIMITED,1
HostingProvider,HZ Hosting Ltd,1
HostingProvider,Yancy Limited,1
HostingProvider,Seflow s.r.l.,1
HostingProvider,UAB Host Baltic,1
HostingProvider,Anton Levin,1
HostingProvider,"UnReal Servers, LLC",1
HostingProvider,H4Y Technologies LLC,1
HostingProvider,A1 Hrvatska d.o.o.,1
HostingProvider,HostLab LLC,1
HostingProvider,China Telecom,1
HostingProvider,STAR FAX GROUP PTE LTD,1
HostingProvider,Datagear LLP,1
HostingProvider,CHINATELECOM Jiangsu Suqian IDC network,1
HostingProvider,HDTIDC LIMITED,1
HostingProvider,Paradise Networks LLC,1
HostingProvider,ABCDE GROUP,1
HostingProvider,Miran Ltd.,1
HostingProvider,"Fiba Cloud Operation Company, LLC",1
HostingProvider,Arshia Asadi,1
HostingProvider,Beihai,1
HostingProvider,XNNET LLC,1
HostingProvider,Law's Cloud Infrastructure Limited,1
HostingProvider,TDS TELECOM,1
HostingProvider,Freakhosting Ltd,1
HostingProvider,JT TELECOM INTERNATIONAL PTE.LTD.,1
HostingProvider,Mauritius Telecom Ltd,1
HostingProvider,Kuroit,1
HostingProvider,Bialogardzka Spoldzielnia Mieszkaniowa,1
HostingProvider,Iran Telecommunication Company PJS,1
HostingProvider,PS Internet Company LLP,1
HostingProvider,"CYBERCON, INC.",1
HostingProvider,Dromatics Systems Pte Ltd,1
HostingProvider,"BrainStorm Network, Inc",1
HostingProvider,INTERDIGI JOINT STOCK COMPANY,1
HostingProvider,ZhouyiSat Communications,1
HostingProvider,Oc Networks Limited,1
HostingProvider,Shandong Mobile Communication Company Limited,1
Nameserver,ns2.dns-parking.com,518
Nameserver,ns1.dns-parking.com,518
Nameserver,dns1.registrar-servers.com,219
Nameserver,dns2.registrar-servers.com,219
Nameserver,dns2.namecheaphosting.com,194
Nameserver,dns1.namecheaphosting.com,194
Nameserver,harlee.ns.cloudflare.com,161
Nameserver,tosana.ns.cloudflare.com,160
Nameserver,dns2.name-services.com,144
Nameserver,dns4.name-services.com,144
Nameserver,dns1.name-services.com,144
Nameserver,dns3.name-services.com,144
Nameserver,dns5.name-services.com,144
Nameserver,ns1.bluehost.com,125
Nameserver,ns2.bluehost.com,125
Nameserver,galilea.ns.cloudflare.com,124
Nameserver,moura.ns.cloudflare.com,123
Nameserver,b.share-dns.net,84
Nameserver,a.share-dns.com,84
Nameserver,nia.ns.cloudflare.com,69
Nameserver,quincy.ns.cloudflare.com,66
Nameserver,ns1.lander.d.parity.domains,60
Nameserver,ns2.lander.d.parity.domains,60
Nameserver,kiki.ns.cloudflare.com,58
Nameserver,kellen.ns.cloudflare.com,56
Nameserver,dns4.arubadns.cz,46
Nameserver,dns3.arubadns.net,46
Nameserver,dns.technorail.com,46
Nameserver,dns2.technorail.com,46
Nameserver,ns1.dyna-ns.net,40
Nameserver,ns2.dyna-ns.net,40
Nameserver,mcgrory.ns.cloudflare.com,36
Nameserver,ns4.my-ndns.com,35
Nameserver,ns3.my-ndns.com,35
Nameserver,ns3.mysecurecloudhost.com,34
Nameserver,ns2.mysecurecloudhost.com,34
Nameserver,ns1.mysecurecloudhost.com,34
Nameserver,ns4.mysecurecloudhost.com,34
Nameserver,vida.ns.cloudflare.com,33
Nameserver,ns3.dreamhost.com,33
Nameserver,ns1.dreamhost.com,33
Nameserver,ns2.dreamhost.com,33
Nameserver,ns49.domaincontrol.com,28
Nameserver,ns50.domaincontrol.com,28
Nameserver,ns01.one.com,28
Nameserver,ns02.one.com,28
Nameserver,hgns1.hostgator.com,27
Nameserver,hgns2.hostgator.com,27
Nameserver,ns2.dnsowl.com,27
Nameserver,ns3.dnsowl.com,27
Nameserver,ns1.dnsowl.com,27
Nameserver,ns78.domaincontrol.com,27
Nameserver,ns77.domaincontrol.com,27
Nameserver,ns16.domaincontrol.com,25
Nameserver,ns15.domaincontrol.com,25
Nameserver,ns24.domaincontrol.com,24
Nameserver,ns23.domaincontrol.com,24
Nameserver,hermes.dns-parking.com,22
Nameserver,artemis.dns-parking.com,22
Nameserver,augustus.ns.cloudflare.com,22
Nameserver,ns3.livedns.co.uk,22
Nameserver,ns2.livedns.co.uk,22
Nameserver,ns1.livedns.co.uk,22
Nameserver,amit.ns.cloudflare.com,22
Nameserver,maya.ns.cloudflare.com,22
Nameserver,ns1.mirohost.net,22
Nameserver,ns2.mirohost.net,22
Nameserver,ns3.mirohost.net,22
Nameserver,ns10.domaincontrol.com,21
Nameserver,ns09.domaincontrol.com,21
Nameserver,orbit.dns-parking.com,20
Nameserver,horizon.dns-parking.com,20
Nameserver,meera.ns.cloudflare.com,20
Nameserver,ns1.locaweb.com.br,20
Nameserver,ns3.locaweb.com.br,20
Nameserver,ns2.locaweb.com.br,20
Nameserver,perla.ns.cloudflare.com,20
Nameserver,rory.ns.cloudflare.com,19
Nameserver,ns60.domaincontrol.com,19
Nameserver,ns59.domaincontrol.com,19
Nameserver,ns2.o2switch.net,19
Nameserver,ns1.o2switch.net,19
Nameserver,ns3.vercel-dns-3.com,19
Nameserver,ns2.vercel-dns-3.com,19
Nameserver,ns1.vercel-dns-3.com,19
Nameserver,ns4.vercel-dns-3.com,19
Nameserver,ns28.domaincontrol.com,18
Nameserver,ns27.domaincontrol.com,18
Nameserver,ns34.domaincontrol.com,18
Nameserver,ns33.domaincontrol.com,18
Nameserver,ns2.inmotionhosting.com,18
Nameserver,ns1.inmotionhosting.com,18
Nameserver,ns11.domaincontrol.com,18
Nameserver,ns12.domaincontrol.com,18
Nameserver,sandra.ns.cloudflare.com,17
Nameserver,ns32.domaincontrol.com,17
Nameserver,ns31.domaincontrol.com,17
Nameserver,ns58.domaincontrol.com,17
Nameserver,ns57.domaincontrol.com,17
Nameserver,ns66.domaincontrol.com,17
Nameserver,ns65.domaincontrol.com,17
Nameserver,ns71.domaincontrol.com,17
Nameserver,ns72.domaincontrol.com,17
Nameserver,ns43.domaincontrol.com,17
Nameserver,ns44.domaincontrol.com,17
Nameserver,ns73.domaincontrol.com,16
Nameserver,ns74.domaincontrol.com,16
Nameserver,ns37.domaincontrol.com,16
Nameserver,ns38.domaincontrol.com,16
Nameserver,elle.ns.cloudflare.com,16
Nameserver,ns16.vhostplatform.com,16
Nameserver,ns15.vhostplatform.com,16
Nameserver,ns19.domaincontrol.com,15
Nameserver,ns20.domaincontrol.com,15
Nameserver,3-pas.njalla.in,15
Nameserver,2-nest.pipe.ma,15
Nameserver,1-ceci.njalla.do,15
Nameserver,ns67.domaincontrol.com,15
Nameserver,ns68.domaincontrol.com,15
Nameserver,nina.ns.cloudflare.com,15
Nameserver,ns69.domaincontrol.com,15
Nameserver,ns70.domaincontrol.com,15
Nameserver,ns64.domaincontrol.com,15
Nameserver,ns63.domaincontrol.com,15
Nameserver,ns53.domaincontrol.com,15
Nameserver,ns36.domaincontrol.com,15
Nameserver,ns35.domaincontrol.com,15
Nameserver,ns40.domaincontrol.com,14
Nameserver,ns39.domaincontrol.com,14
Nameserver,ns54.domaincontrol.com,14
Nameserver,ns1.host-h.net,14
Nameserver,ns1.dns-h.com,14
Nameserver,ns2.host-h.net,14
Nameserver,ns01.domaincontrol.com,14
Nameserver,ns02.domaincontrol.com,14
Nameserver,ns55.domaincontrol.com,14
Nameserver,ns56.domaincontrol.com,14
Nameserver,ns1045.ui-dns.de,14
Nameserver,ns41.domaincontrol.com,14
Nameserver,ns42.domaincontrol.com,14
Nameserver,nsany1.infomaniak.com,14
Nameserver,nsany2.infomaniak.com,14
Nameserver,ns1.fbi.seized.gov,14
Nameserver,ns2.fbi.seized.gov,14
Nameserver,launch2.spaceship.net,13
Nameserver,launch1.spaceship.net,13
Nameserver,ns06.domaincontrol.com,13
Nameserver,ns05.domaincontrol.com,13
Nameserver,noah.ns.cloudflare.com,13
Nameserver,ns03.domaincontrol.com,13
Nameserver,ns04.domaincontrol.com,13
Nameserver,ns45.domaincontrol.com,13
Nameserver,ns46.domaincontrol.com,13
Nameserver,ns1045.ui-dns.org,13
Nameserver,ns1045.ui-dns.com,13
Nameserver,ns2.digitalocean.com,13
Nameserver,ns3.digitalocean.com,13
Nameserver,ns1.digitalocean.com,13
Nameserver,ns21.domaincontrol.com,13
Nameserver,ns22.domaincontrol.com,13
Nameserver,steven.ns.cloudflare.com,13
Nameserver,george.ns.cloudflare.com,12
Nameserver,marty.ns.cloudflare.com,12
Nameserver,ns2.siteground.net,12
Nameserver,ns1.siteground.net,12
Nameserver,ns-cloud-e1.googledomains.com,12
Nameserver,ns-cloud-e3.googledomains.com,12
Nameserver,ns-cloud-e2.googledomains.com,12
Nameserver,ns-cloud-e4.googledomains.com,12
Nameserver,1-you.njalla.no,12
Nameserver,3-get.njalla.fo,12
Nameserver,2-can.njalla.in,12
Nameserver,ns4.stackdns.com,12
Nameserver,ns1.stackdns.com,12
Nameserver,ns2.stackdns.com,12
Nameserver,ns3.stackdns.com,12
Nameserver,ns52.domaincontrol.com,12
Nameserver,ns51.domaincontrol.com,12
Nameserver,ns2.dns-h.com,12
Nameserver,ns1045.ui-dns.biz,12
Nameserver,ns26.domaincontrol.com,12
Nameserver,ns25.domaincontrol.com,12
Nameserver,ns86a.turnkeywebspace.net,12
Nameserver,ns86b.turnkeywebspace.net,12
Nameserver,zoe.ns.cloudflare.com,11
Nameserver,clyde.ns.cloudflare.com,11
Nameserver,jeremy.ns.cloudflare.com,11
Nameserver,ns-cloud-c3.googledomains.com,11
Nameserver,ns-cloud-c2.googledomains.com,11
Nameserver,ns-cloud-c4.googledomains.com,11
Nameserver,ns-cloud-c1.googledomains.com,11
Nameserver,hazel.ns.cloudflare.com,11
Nameserver,ns1.nameserver.net.au,11
Nameserver,ns3.nameserver.net.au,11
Nameserver,ns2.nameserver.net.au,11
Nameserver,ns76.domaincontrol.com,11
Nameserver,ns75.domaincontrol.com,11
Nameserver,evelyn.ns.cloudflare.com,11
Nameserver,cosmos.dns-parking.com,11
Nameserver,nova.dns-parking.com,11
Nameserver,nspx3.roblox.us,11
Nameserver,nspx4.roblox.co.uk,11
Nameserver,nspx1.roblox.com,11
Nameserver,nspx2.roblox.net,11
Nameserver,ns1.hwrn.net,11
Nameserver,ns2.hwrn.net,11
Nameserver,ns2.dns-expired.com,11
Nameserver,ns1.dns-expired.com,11
Nameserver,dylan.ns.cloudflare.com,11
Nameserver,ns07.domaincontrol.com,11
Nameserver,ns08.domaincontrol.com,11
Nameserver,ns48.domaincontrol.com,11
Nameserver,ns47.domaincontrol.com,11
Nameserver,ns1.loopia.se,11
Nameserver,ns2.loopia.se,11
Nameserver,holly.ns.cloudflare.com,11
Nameserver,ns3.mijn.host,11
Nameserver,ns2.mijn.host,11
Nameserver,ns1.mijn.host,11
Nameserver,conrad.ns.cloudflare.com,10
Nameserver,wally.ns.cloudflare.com,10
Nameserver,coen.ns.cloudflare.com,10
Nameserver,roan.ns.cloudflare.com,10
Nameserver,brynne.ns.cloudflare.com,10
Nameserver,ns-cloud-b4.googledomains.com,10
Nameserver,ns-cloud-b1.googledomains.com,10
Nameserver,ns-cloud-b2.googledomains.com,10
Nameserver,ns-cloud-b3.googledomains.com,10
Nameserver,ignacio.ns.cloudflare.com,10
Nameserver,maceio.ns.porkbun.com,10
Nameserver,fortaleza.ns.porkbun.com,10
Nameserver,salvador.ns.porkbun.com,10
Nameserver,curitiba.ns.porkbun.com,10
Nameserver,blakely.ns.cloudflare.com,10
Nameserver,clay.ns.cloudflare.com,10
Nameserver,ns29.domaincontrol.com,10
Nameserver,ns30.domaincontrol.com,10
Nameserver,pdns2.registrar-servers.com,10
Nameserver,pdns1.registrar-servers.com,10
Nameserver,pat.ns.cloudflare.com,10
Nameserver,ns.zxcs.eu,10
Nameserver,ns.zxcs.nl,10
Nameserver,ns.zxcs.be,10
Nameserver,apollo.dns-parking.com,10
Nameserver,athena.dns-parking.com,10
Nameserver,ns1.transip.nl,10
Nameserver,ns0.transip.net,10
Nameserver,ns2.transip.eu,10
Nameserver,aria.ns.cloudflare.com,9
Nameserver,ray.ns.cloudflare.com,9
Nameserver,sid.ns.cloudflare.com,9
Nameserver,sarah.ns.cloudflare.com,9
Nameserver,tate.ns.cloudflare.com,9
Nameserver,ns13.domaincontrol.com,9
Nameserver,ns14.domaincontrol.com,9
Nameserver,ns-cloud-a1.googledomains.com,9
Nameserver,ns-cloud-a3.googledomains.com,9
Nameserver,ns-cloud-a2.googledomains.com,9
Nameserver,ns-cloud-a4.googledomains.com,9
Nameserver,ns2.ns306.parklogic.com,9
Nameserver,ns1.ns306.parklogic.com,9
Nameserver,randy.ns.cloudflare.com,9
Nameserver,violet.ns.cloudflare.com,9
Nameserver,renan.ns.cloudflare.com,9
Nameserver,duke.ns.cloudflare.com,9
Nameserver,rita.ns.cloudflare.com,9
Nameserver,osmar.ns.cloudflare.com,9
Nameserver,paul.ns.cloudflare.com,9
Nameserver,ns2.timeweb.ru,8
Nameserver,ns4.timeweb.org,8
Nameserver,ns3.timeweb.org,8
Nameserver,ns1.timeweb.ru,8
Nameserver,raphaela.ns.cloudflare.com,8
Nameserver,ns1.vercel-dns.com,8
Nameserver,ns2.vercel-dns.com,8
Nameserver,kai.ns.cloudflare.com,8
Nameserver,sean.ns.cloudflare.com,8
Nameserver,marjory.ns.cloudflare.com,8
Nameserver,stan.ns.cloudflare.com,8
Nameserver,julissa.ns.cloudflare.com,8
Nameserver,mina.ns.cloudflare.com,8
Nameserver,khloe.ns.cloudflare.com,8
Nameserver,ns2kry.name.com,8
Nameserver,henry.ns.cloudflare.com,8
Nameserver,emely.ns.cloudflare.com,8
Nameserver,braden.ns.cloudflare.com,8
Nameserver,mario.ns.cloudflare.com,8
Nameserver,dns4.regway.com,8
Nameserver,dns2.regway.com,8
Nameserver,dns3.regway.com,8
Nameserver,dns1.regway.com,8
Nameserver,sharon.ns.cloudflare.com,8
Nameserver,margaret.ns.cloudflare.com,8
Nameserver,ns2.erans.ru,8
Nameserver,ns1.erans.ru,8
Nameserver,val.ns.cloudflare.com,8
Nameserver,ns02.hostnet.nl,8
Nameserver,ns01.hostnet.nl,8
Nameserver,paris.ns.cloudflare.com,8
Nameserver,ns2.beget.pro,8
Nameserver,ns1.beget.pro,8
Nameserver,ns2.beget.com,8
Nameserver,ns1.beget.com,8
Nameserver,ns2.bluehost.in,8
Nameserver,ns1.bluehost.in,8
Nameserver,ns3.dinahosting.com,8
Nameserver,ns2.dinahosting.com,8
Nameserver,ns.dinahosting.com,8
Nameserver,ns4.dinahosting.com,8
Nameserver,nsc.n0c.com,8
Nameserver,nsb.n0c.com,8
Nameserver,nsa.n0c.com,8
Nameserver,heather.ns.cloudflare.com,8
Nameserver,ns94b.turnkeywebspace.net,8
Nameserver,ns94a.turnkeywebspace.net,8
Nameserver,martin.ns.cloudflare.com,8
Nameserver,gigi.ns.cloudflare.com,8
Nameserver,armfazh.ns.cloudflare.com,8
Nameserver,marissa.ns.cloudflare.com,8
Nameserver,cp4.privatesystems.net,8
Nameserver,cp1.privatesystems.net,8
Nameserver,cp2.privatesystems.net,8
Nameserver,cp3.privatesystems.net,8
Nameserver,jessica.ns.cloudflare.com,8
Nameserver,aaron.ns.cloudflare.com,8
Nameserver,romina.ns.cloudflare.com,7
Nameserver,tom.ns.cloudflare.com,7
Nameserver,vivienne.ns.cloudflare.com,7
Nameserver,sima.ns.cloudflare.com,7
Nameserver,arvind.ns.cloudflare.com,7
Nameserver,sonia.ns.cloudflare.com,7
Nameserver,cash.ns.cloudflare.com,7
Nameserver,aurora.dns-parking.com,7
Nameserver,nebula.dns-parking.com,7
Nameserver,alan.ns.cloudflare.com,7
Nameserver,jeff.ns.cloudflare.com,7
Nameserver,tani.ns.cloudflare.com,7
Nameserver,clark.ns.cloudflare.com,7
Nameserver,savanna.ns.cloudflare.com,7
Nameserver,troy.ns.cloudflare.com,7
Nameserver,candy.ns.cloudflare.com,7
Nameserver,kurt.ns.cloudflare.com,7
Nameserver,milan.ns.cloudflare.com,7
Nameserver,ns2.value-domain.com,7
Nameserver,ns1.value-domain.com,7
Nameserver,ns2.bdm.microsoftonline.com,7
Nameserver,ns1.bdm.microsoftonline.com,7
Nameserver,ns3.bdm.microsoftonline.com,7
Nameserver,ns4.bdm.microsoftonline.com,7
Nameserver,burt.ns.cloudflare.com,7
Nameserver,ns001.microsoftinternetsafety.net,7
Nameserver,ns002.microsoftinternetsafety.net,7
Nameserver,ns17.domaincontrol.com,7
Nameserver,ns18.domaincontrol.com,7
Nameserver,aster.dns-parking.com,7
Nameserver,helios.dns-parking.com,7
Nameserver,info121044.mars.orderbox-dns.com,7
Nameserver,info121044.earth.orderbox-dns.com,7
Nameserver,info121044.mercury.orderbox-dns.com,7
Nameserver,info121044.venus.orderbox-dns.com,7
Nameserver,ns2.ns0.hu,7
Nameserver,ns1.e-tiger.net,7
Nameserver,gwen.ns.cloudflare.com,7
Nameserver,ns1.ipower.com,7
Nameserver,ns2.ipower.com,7
Nameserver,ns2.justhost.com,7
Nameserver,ns1.justhost.com,7
Nameserver,ns1.abovedomains.com,7
Nameserver,ns2.abovedomains.com,7
Nameserver,ns1.cloudoon.com,7
Nameserver,zita.ns.cloudflare.com,7
Nameserver,ns4.gestiondecuenta.com,7
Nameserver,ns3.gestiondecuenta.com,7
Nameserver,ns4.colombiahosting.com,7
Nameserver,ns2.colombiahosting.com,7
Nameserver,ns1.colombiahosting.com,7
Nameserver,ns3.colombiahosting.com,7
Nameserver,simone.ns.cloudflare.com,7
Nameserver,fred.ns.cloudflare.com,6
Nameserver,alice.ns.cloudflare.com,6
Nameserver,clayton.ns.cloudflare.com,6
Nameserver,mustafa.ns.cloudflare.com,6
Nameserver,ns1.reg.ru,6
Nameserver,ns2.reg.ru,6
Nameserver,nicole.ns.cloudflare.com,6
Nameserver,ns1kpv.name.com,6
Nameserver,ns3jmt.name.com,6
Nameserver,ns4dmx.name.com,6
Nameserver,nucum.ns.cloudflare.com,6
Nameserver,buck.ns.cloudflare.com,6
Nameserver,damon.ns.cloudflare.com,6
Nameserver,brit.ns.cloudflare.com,6
Nameserver,aisha.ns.cloudflare.com,6
Nameserver,wanda.ns.cloudflare.com,6
Nameserver,aryanna.ns.cloudflare.com,6
Nameserver,gerald.ns.cloudflare.com,6
Nameserver,edna.ns.cloudflare.com,6
Nameserver,stephane.ns.cloudflare.com,6
Nameserver,johnathan.ns.cloudflare.com,6
Nameserver,kolton.ns.cloudflare.com,6
Nameserver,faye.ns.cloudflare.com,6
Nameserver,peaches.ns.cloudflare.com,6
Nameserver,aiden.ns.cloudflare.com,6
Nameserver,gabe.ns.cloudflare.com,6
Nameserver,elinore.ns.cloudflare.com,6
Nameserver,doug.ns.cloudflare.com,6
Nameserver,alla.ns.cloudflare.com,6
Nameserver,jimmy.ns.cloudflare.com,6
Nameserver,ns2.hostmonster.com,6
Nameserver,ns1.hostmonster.com,6
Nameserver,isla.ns.cloudflare.com,6
Nameserver,ursula.ns.cloudflare.com,6
Nameserver,giancarlo.ns.cloudflare.com,6
Nameserver,aida.ns.cloudflare.com,6
Nameserver,marlowe.ns.cloudflare.com,6
Nameserver,kim.ns.cloudflare.com,6
Nameserver,marge.ns.cloudflare.com,6
Nameserver,brianna.ns.cloudflare.com,6
Nameserver,diana.ns.cloudflare.com,6
Nameserver,hasslo.ns.cloudflare.com,6
Nameserver,hadlee.ns.cloudflare.com,6
Nameserver,ns1027.ui-dns.com,6
Nameserver,alina.ns.cloudflare.com,6
Nameserver,morgan.ns.cloudflare.com,6
Nameserver,major.ns.cloudflare.com,6
Nameserver,ns2.ipage.com,6
Nameserver,ns1.ipage.com,6
Nameserver,ns1.icomwebhosting.com,6
Nameserver,ns2.icomwebhosting.com,6
Nameserver,leia.ns.cloudflare.com,6
Nameserver,ns8189.hostgator.com,6
Nameserver,ns8190.hostgator.com,6
Nameserver,ns6.lwsdns.com,6
Nameserver,ns8.lwsdns.com,6
Nameserver,ns7.lwsdns.com,6
Nameserver,ns5.lwsdns.com,6
Nameserver,anirban.ns.cloudflare.com,6
Nameserver,ns1.crazydomains.com,6
Nameserver,ns2.crazydomains.com,6
Nameserver,joyce.ns.cloudflare.com,6
Nameserver,ns.gestiondecuenta.com,6
Nameserver,ns2.gestiondecuenta.com,6
Nameserver,ns1.ezydomain.com,6
Nameserver,ns2.ezydomain.com,6
Nameserver,hyperion.dns-parking.com,6
Nameserver,atlas.dns-parking.com,6
Nameserver,chase.ns.cloudflare.com,6
Nameserver,earl.ns.cloudflare.com,6
Nameserver,ns1028.ui-dns.de,6
Nameserver,ns1.syd5.hostingplatform.net.au,6
Nameserver,ns2.syd5.hostingplatform.net.au,6
Nameserver,ns3.romarg.com,6
Nameserver,ns4.romarg.com,6
Nameserver,ns2.romarg.com,6
Nameserver,ns1.romarg.com,6
Nameserver,ryan.ns.cloudflare.com,6
Nameserver,megan.ns.cloudflare.com,6
Nameserver,ns1.th.seeweb.it,6
Nameserver,ns2.th.seeweb.it,6
Nameserver,amir.ns.cloudflare.com,6
Nameserver,greg.ns.cloudflare.com,5
Nameserver,saanvi.ns.cloudflare.com,5
Nameserver,arch.ns.cloudflare.com,5
Nameserver,nolan.ns.cloudflare.com,5
Nameserver,diva.ns.cloudflare.com,5
Nameserver,beth.ns.cloudflare.com,5
Nameserver,dan.ns.cloudflare.com,5
Nameserver,jason.ns.cloudflare.com,5
Nameserver,gabriel.ns.cloudflare.com,5
Nameserver,ns1.eggywall.org,5
Nameserver,ns2.eggywall.org,5
Nameserver,tricia.ns.cloudflare.com,5
Nameserver,newt.ns.cloudflare.com,5
Nameserver,art.ns.cloudflare.com,5
Nameserver,oswald.ns.cloudflare.com,5
Nameserver,konnor.ns.cloudflare.com,5
Nameserver,amy.ns.cloudflare.com,5
Nameserver,kaiser.ns.cloudflare.com,5
Nameserver,ns2.contabo.net,5
Nameserver,ns3.contabo.net,5
Nameserver,ns1.contabo.net,5
Nameserver,beau.ns.cloudflare.com,5
Nameserver,grace.ns.cloudflare.com,5
Nameserver,connie.ns.cloudflare.com,5
Nameserver,piper.ns.cloudflare.com,5
Nameserver,paloma.ns.cloudflare.com,5
Nameserver,ns4.1domainregistry.com,5
Nameserver,ns1.1domainregistry.com,5
Nameserver,ns2.1domainregistry.com,5
Nameserver,ns3.1domainregistry.com,5
Nameserver,eugene.ns.cloudflare.com,5
Nameserver,ricardo.ns.cloudflare.com,5
Nameserver,tara.ns.cloudflare.com,5
Nameserver,nelly.ns.cloudflare.com,5
Nameserver,olof.ns.cloudflare.com,5
Nameserver,rihana.ns.cloudflare.com,5
Nameserver,crystal.ns.cloudflare.com,5
Nameserver,robert.ns.cloudflare.com,5
Nameserver,princess.ns.cloudflare.com,5
Nameserver,plato.ns.cloudflare.com,5
Nameserver,ram.ns.cloudflare.com,5
Nameserver,jerome.ns.cloudflare.com,5
Nameserver,carlane.ns.cloudflare.com,5
Nameserver,rosa.ns.cloudflare.com,5
Nameserver,ns1.afternic.com,5
Nameserver,ns2.afternic.com,5
Nameserver,nico.ns.cloudflare.com,5
Nameserver,nola.ns.cloudflare.com,5
Nameserver,anna.ns.cloudflare.com,5
Nameserver,ns1.syrahost.com,5
Nameserver,ns2.syrahost.com,5
Nameserver,ns1.csof.net,5
Nameserver,ns3.csof.net,5
Nameserver,ns4.csof.net,5
Nameserver,ns2.csof.net,5
Nameserver,ns2.linode.com,5
Nameserver,ns1.linode.com,5
Nameserver,ns5.linode.com,5
Nameserver,ns4.linode.com,5
Nameserver,ns3.linode.com,5
Nameserver,selah.ns.cloudflare.com,5
Nameserver,lennox.ns.cloudflare.com,5
Nameserver,ashton.ns.cloudflare.com,5
Nameserver,kehlani.ns.cloudflare.com,5
Nameserver,james.ns.cloudflare.com,5
Nameserver,hank.ns.cloudflare.com,5
Nameserver,chad.ns.cloudflare.com,5
Nameserver,emma.ns.cloudflare.com,5
Nameserver,cloe.ns.cloudflare.com,5
Nameserver,pixel.dns-parking.com,5
Nameserver,byte.dns-parking.com,5
Nameserver,luke.ns.cloudflare.com,5
Nameserver,lola.ns.cloudflare.com,5
Nameserver,bailey.ns.cloudflare.com,5
Nameserver,ns2.pavietnam.vn,5
Nameserver,nsbak.pavietnam.net,5
Nameserver,ns1.pavietnam.vn,5
Nameserver,cns2.alfahosting.info,5
Nameserver,cns3.alfahosting.info,5
Nameserver,cns1.alfahosting.info,5
Nameserver,ns.wedos.net,5
Nameserver,ns.wedos.cz,5
Nameserver,ns.wedos.eu,5
Nameserver,ns.wedos.com,5
Nameserver,ns2.domain.com,5
Nameserver,ns1.domain.com,5
Nameserver,ns1049.ui-dns.org,5
Nameserver,ns1086.ui-dns.de,5
Nameserver,ns2.syd6.hostingplatform.net.au,5
Nameserver,ns1.syd6.hostingplatform.net.au,5
Nameserver,ns1064.ui-dns.com,5
Nameserver,seamus.ns.cloudflare.com,5
Nameserver,lunar.dns-parking.com,5
Nameserver,solar.dns-parking.com,5
Nameserver,ns2.fabioweb.com.br,5
Nameserver,ns1.fabioweb.com.br,5
Nameserver,ns.otherdns.net,5
Nameserver,ns.otherdns.com,5
Nameserver,ns.dns1.co.za,5
Nameserver,ns.dns2.co.za,5
Nameserver,ns1086.ui-dns.biz,5
Nameserver,aldo.ns.cloudflare.com,5
Nameserver,ns1094.ui-dns.de,5
Nameserver,ns1.liquidweb.com,5
Nameserver,ns.liquidweb.com,5
Nameserver,e.sec.dns.br,5
Nameserver,kia.ns.cloudflare.com,5
Nameserver,jonah.ns.cloudflare.com,5
Nameserver,ns2.datasyche.com,5
Nameserver,ns1.datasyche.com,5
Nameserver,ns4.jetorbit.net,5
Nameserver,ns3.jetorbit.net,5
Nameserver,ns1.jetorbit.net,5
Nameserver,ns2.jetorbit.net,5
Nameserver,thea.ns.cloudflare.com,5
Nameserver,fonzie.ns.cloudflare.com,5
Nameserver,naomi.ns.cloudflare.com,5
Nameserver,ns3.a2hosting.com,5
Nameserver,ns4.a2hosting.com,5
Nameserver,ns2.a2hosting.com,5
Nameserver,ns1.a2hosting.com,5
Nameserver,yisroel.ns.cloudflare.com,5
Nameserver,rosalie.ns.cloudflare.com,5
Nameserver,pns62.cloudns.com,5
Nameserver,pns63.cloudns.net,5
Nameserver,pns61.cloudns.net,5
Nameserver,pns64.cloudns.uk,5
Nameserver,anahi.ns.cloudflare.com,5
Nameserver,ian.ns.cloudflare.com,4
Nameserver,lamar.ns.cloudflare.com,4
Nameserver,raegan.ns.cloudflare.com,4
Nameserver,kate.ns.cloudflare.com,4
Nameserver,hassan.ns.cloudflare.com,4
Nameserver,norman.ns.cloudflare.com,4
Nameserver,gemma.ns.cloudflare.com,4
Nameserver,kristina.ns.cloudflare.com,4
Nameserver,emerie.ns.cloudflare.com,4
Nameserver,kira.ns.cloudflare.com,4
Nameserver,dora.ns.cloudflare.com,4
Nameserver,harleigh.ns.cloudflare.com,4
Nameserver,ken.ns.cloudflare.com,4
Nameserver,jacob.ns.cloudflare.com,4
Nameserver,dalary.ns.cloudflare.com,4
Nameserver,kobe.ns.cloudflare.com,4
Nameserver,ns4.wixdns.net,4
Nameserver,ns5.wixdns.net,4
Nameserver,mckinley.ns.cloudflare.com,4
Nameserver,riya.ns.cloudflare.com,4
Nameserver,alberto.ns.cloudflare.com,4
Nameserver,addilyn.ns.cloudflare.com,4
Nameserver,colin.ns.cloudflare.com,4
Nameserver,dion.ns.cloudflare.com,4
Nameserver,penny.ns.cloudflare.com,4
Nameserver,benedict.ns.cloudflare.com,4
Nameserver,sydney.ns.cloudflare.com,4
Nameserver,bryce.ns.cloudflare.com,4
Nameserver,eve.ns.cloudflare.com,4
Nameserver,rodney.ns.cloudflare.com,4
Nameserver,ullis.ns.cloudflare.com,4
Nameserver,aaden.ns.cloudflare.com,4
Nameserver,ernest.ns.cloudflare.com,4
Nameserver,peyton.ns.cloudflare.com,4
Nameserver,zara.ns.cloudflare.com,4
Nameserver,itzel.ns.cloudflare.com,4
Nameserver,noor.ns.cloudflare.com,4
Nameserver,carmelo.ns.cloudflare.com,4
Nameserver,bart.ns.cloudflare.com,4
Nameserver,ulla.ns.cloudflare.com,4
Nameserver,frida.ns.cloudflare.com,4
Nameserver,annalise.ns.cloudflare.com,4
Nameserver,margo.ns.cloudflare.com,4
Nameserver,heidi.ns.cloudflare.com,4
Nameserver,guss.ns.cloudflare.com,4
Nameserver,angelina.ns.cloudflare.com,4
Nameserver,terin.ns.cloudflare.com,4
Nameserver,jasmine.ns.cloudflare.com,4
Nameserver,elias.ns.cloudflare.com,4
Nameserver,lara.ns.cloudflare.com,4
Nameserver,pablo.ns.cloudflare.com,4
Nameserver,matteo.ns.cloudflare.com,4
Nameserver,ingrid.ns.cloudflare.com,4
Nameserver,elisabeth.ns.cloudflare.com,4
Nameserver,aron.ns.cloudflare.com,4
Nameserver,kay.ns.cloudflare.com,4
Nameserver,molly.ns.cloudflare.com,4
Nameserver,elmo.ns.cloudflare.com,4
Nameserver,barbara.ns.cloudflare.com,4
Nameserver,veronica.ns.cloudflare.com,4
Nameserver,sterling.ns.cloudflare.com,4
Nameserver,d.sec.dns.br,4
Nameserver,eric.ns.cloudflare.com,4
Nameserver,melody.ns.cloudflare.com,4
Nameserver,jean.ns.cloudflare.com,4
Nameserver,jihoon.ns.cloudflare.com,4
Nameserver,becky.ns.cloudflare.com,4
Nameserver,amalia.ns.cloudflare.com,4
Nameserver,west.ns.cloudflare.com,4
Nameserver,nsg2.namebrightdns.com,4
Nameserver,nsg1.namebrightdns.com,4
Nameserver,nile.ns.cloudflare.com,4
Nameserver,nelci.ns.cloudflare.com,4
Nameserver,chris.ns.cloudflare.com,4
Nameserver,pranab.ns.cloudflare.com,4
Nameserver,ns20.ovh.net,4
Nameserver,dns20.ovh.net,4
Nameserver,chelsea.ns.cloudflare.com,4
Nameserver,harley.ns.cloudflare.com,4
Nameserver,otto.ns.cloudflare.com,4
Nameserver,elisa.ns.cloudflare.com,4
Nameserver,rob.ns.cloudflare.com,4
Nameserver,ns16.abovedomains.com,4
Nameserver,ns15.abovedomains.com,4
Nameserver,zahir.ns.cloudflare.com,4
Nameserver,ns1089.ui-dns.org,4
Nameserver,felipe.ns.cloudflare.com,4
Nameserver,josh.ns.cloudflare.com,4
Nameserver,chloe.ns.cloudflare.com,4
Nameserver,rafe.ns.cloudflare.com,4
Nameserver,harmony.ns.cloudflare.com,4
Nameserver,kip.ns.cloudflare.com,4
Nameserver,ns1.thundercloud.uk,4
Nameserver,ns0.thundercloud.uk,4
Nameserver,ns864.websitewelcome.com,4
Nameserver,ns863.websitewelcome.com,4
Nameserver,ara.ns.cloudflare.com,4
Nameserver,dns1.supremedns.com,4
Nameserver,dns4.supremedns.com,4
Nameserver,dns2.supremedns.com,4
Nameserver,dns3.supremedns.com,4
Nameserver,ns2.sagir-us3.hostever.us,4
Nameserver,ns1.sagir-us3.hostever.us,4
Nameserver,hugh.ns.cloudflare.com,4
Nameserver,ns2.systemdns.com,4
Nameserver,ns1.systemdns.com,4
Nameserver,ns3.systemdns.com,4
Nameserver,melissa.ns.cloudflare.com,4
Nameserver,shane.ns.cloudflare.com,4
Nameserver,ns1028.ui-dns.org,4
Nameserver,venus.ns.cloudflare.com,4
Nameserver,ns1074.ui-dns.biz,4
Nameserver,ns1088.ui-dns.com,4
Nameserver,aragorn.ns.cloudflare.com,4
Nameserver,paityn.ns.cloudflare.com,4
Nameserver,ariella.ns.cloudflare.com,4
Nameserver,dee.ns.cloudflare.com,4
Nameserver,adel.ns.cloudflare.com,4
Nameserver,dahlia.ns.cloudflare.com,4
Nameserver,docks01.rzone.de,4
Nameserver,ns1.register.it,4
Nameserver,ns2.register.it,4
Nameserver,sdns1.vhosting-it.com,4
Nameserver,sdns3.vhosting-it.com,4
Nameserver,sdns2.vhosting-it.com,4
Nameserver,sdns4.vhosting-it.com,4
Nameserver,shades14.rzone.de,4
Nameserver,ns3.elin.hu,4
Nameserver,ns1.elin.hu,4
Nameserver,ns2.elin.hu,4
Nameserver,ns1087.ui-dns.com,4
Nameserver,ns2.sdns.vn,4
Nameserver,ns1.sdns.vn,4
Nameserver,ns1103.ui-dns.de,4
Nameserver,ns2.beget.ru,4
Nameserver,ns1.beget.ru,4
Nameserver,dns2.ondatta.com.br,4
Nameserver,dns1.ondatta.com.br,4
Nameserver,dns4.ondatta.com.br,4
Nameserver,dns3.ondatta.com.br,4
Nameserver,kiki.bunny.net,4
Nameserver,coco.bunny.net,4
Nameserver,ns62.domaincontrol.com,4
Nameserver,ns61.domaincontrol.com,4
Nameserver,ns2.cloudoon.net,4
Nameserver,ns3.cloudoon.org,4
Nameserver,ns1062.ui-dns.com,4
Nameserver,docks18.rzone.de,4
Nameserver,nsb.whogohost.com,4
Nameserver,nsa.whogohost.com,4
Nameserver,ns1072.ui-dns.de,4
Nameserver,neil.ns.cloudflare.com,4
Nameserver,dawn.ns.cloudflare.com,4
Nameserver,ns1075.ui-dns.org,4
Nameserver,c.sec.dns.br,4
Nameserver,b.sec.dns.br,4
Nameserver,bruce.ns.cloudflare.com,4
Nameserver,dns1.kinghost.com.br,4
Nameserver,dns2.kinghost.com.br,4
Nameserver,vita.ns.cloudflare.com,4
Nameserver,shades01.rzone.de,4
Nameserver,chuck.ns.cloudflare.com,4
Nameserver,ns1077.ui-dns.de,4
Nameserver,ns1076.ui-dns.biz,4
Nameserver,austin.ns.cloudflare.com,4
Nameserver,ns1.syd7.hostingplatform.net.au,4
Nameserver,ns2.syd7.hostingplatform.net.au,4
Nameserver,ns-cloud-d1.googledomains.com,4
Nameserver,ns-cloud-d4.googledomains.com,4
Nameserver,ns-cloud-d3.googledomains.com,4
Nameserver,ns-cloud-d2.googledomains.com,4
Nameserver,ns1019.ui-dns.com,4
Nameserver,ivan.ns.cloudflare.com,4
Nameserver,amos.ns.cloudflare.com,4
Nameserver,lex.ns.cloudflare.com,4
Nameserver,laylah.ns.cloudflare.com,4
Nameserver,rosalyn.ns.cloudflare.com,4
Nameserver,jon.quicns.com,4
Nameserver,ivy.ns.cloudflare.com,4
Nameserver,ns2.zone.ee,4
Nameserver,ns.zone.eu,4
Nameserver,ns3.zonedata.net,4
Nameserver,ns2-rsh.azdigi.com,4
Nameserver,ns1-rsh.azdigi.com,4
Nameserver,brad.ns.cloudflare.com,4
Nameserver,ns2.sagir-us2.hostever.us,4
Nameserver,ns1.sagir-us2.hostever.us,4
Nameserver,dns1.dwhost.net,4
Nameserver,dns3.dwhost.net,4
Nameserver,dns2.dwhost.net,4
Nameserver,virginia.ns.cloudflare.com,4
Nameserver,scott.ns.cloudflare.com,4
Nameserver,sevki.ns.cloudflare.com,4
Nameserver,trevor.ns.cloudflare.com,4
Nameserver,ns1.parklogic.com,4
Nameserver,ns2.parklogic.com,4
Nameserver,ns1094.ui-dns.com,4
Nameserver,anuj.ns.cloudflare.com,4
Nameserver,vera.ns.cloudflare.com,4
Nameserver,zac.ns.cloudflare.com,4
Nameserver,ns1.hostabil.com,4
Nameserver,ns2.hostabil.com,4
Nameserver,ns2.myukcloud.com,4
Nameserver,ns1.myukcloud.com,4
Nameserver,ashley.ns.cloudflare.com,4
Nameserver,matias.ns.cloudflare.com,4
Nameserver,veda.ns.cloudflare.com,4
Nameserver,will.ns.cloudflare.com,4
Nameserver,ns1.emailverification.info,4
Nameserver,ns2.emailverification.info,4
Nameserver,courtney.ns.cloudflare.com,4
Nameserver,cris.ns.cloudflare.com,4
Nameserver,ns1.alidns.com,4
Nameserver,ns2.alidns.com,4
Nameserver,alfred.ns.cloudflare.com,4
Nameserver,ns2.camelbtc.com,4
Nameserver,ns1.camelbtc.com,4
Nameserver,ns3.inwx.eu,4
Nameserver,ns2.inwx.com,4
Nameserver,ns.inwx.com,4
Nameserver,sullivan.ns.cloudflare.com,4
Nameserver,lennon.ns.cloudflare.com,4
Nameserver,ns2.eranet-dns.com,4
Nameserver,ns1.eranet-dns.com,4
Nameserver,dns1.icedns.is,4
Nameserver,dns2.icedns.is,4
Nameserver,a.dnspod.com,4
Nameserver,b.dnspod.com,4
Nameserver,c.dnspod.com,4
Nameserver,ns1.gocheapweb.com,4
Nameserver,ns2.gocheapweb.com,4
Nameserver,carrera.ns.cloudflare.com,3
Nameserver,nova.ns.cloudflare.com,3
Nameserver,abby.ns.cloudflare.com,3
Nameserver,dilbert.ns.cloudflare.com,3
Nameserver,mira.ns.cloudflare.com,3
Nameserver,alpha.ns.wasmernet.com,3
Nameserver,beta.ns.wasmernet.com,3
Nameserver,salvador.ns.cloudflare.com,3
Nameserver,ns1.domainnamens.com,3
Nameserver,ns2.domainnamens.com,3
Nameserver,eva.ns.cloudflare.com,3
Nameserver,ignat.ns.cloudflare.com,3
Nameserver,dell.ns.cloudflare.com,3
Nameserver,alec.ns.cloudflare.com,3
Nameserver,sunny.ns.cloudflare.com,3
Nameserver,andronicus.ns.cloudflare.com,3
Nameserver,gail.ns.cloudflare.com,3
Nameserver,chip.ns.cloudflare.com,3
Nameserver,lady.ns.cloudflare.com,3
Nameserver,daisy.ns.cloudflare.com,3
Nameserver,cora.ns.cloudflare.com,3
Nameserver,lars.ns.cloudflare.com,3
Nameserver,phil.ns.cloudflare.com,3
Nameserver,todd.ns.cloudflare.com,3
Nameserver,armando.ns.cloudflare.com,3
Nameserver,erin.ns.cloudflare.com,3
Nameserver,ns1.cprapid.com,3
Nameserver,ns2.cprapid.com,3
Nameserver,kipp.ns.cloudflare.com,3
Nameserver,mike.ns.cloudflare.com,3
Nameserver,sri.ns.cloudflare.com,3
Nameserver,ben.ns.cloudflare.com,3
Nameserver,lorna.ns.cloudflare.com,3
Nameserver,graham.ns.cloudflare.com,3
Nameserver,ryleigh.ns.cloudflare.com,3
Nameserver,elaine.ns.cloudflare.com,3
Nameserver,remy.ns.cloudflare.com,3
Nameserver,maxine.ns.cloudflare.com,3
Nameserver,fiona.ns.cloudflare.com,3
Nameserver,drake.ns.cloudflare.com,3
Nameserver,desi.ns.cloudflare.com,3
Nameserver,clara.ns.cloudflare.com,3
Nameserver,leanna.ns.cloudflare.com,3
Nameserver,etienne.ns.cloudflare.com,3
Nameserver,liberty.ns.cloudflare.com,3
Nameserver,theo.ns.cloudflare.com,3
Nameserver,meilani.ns.cloudflare.com,3
Nameserver,brett.ns.cloudflare.com,3
Nameserver,marek.ns.cloudflare.com,3
Nameserver,carioca.ns.cloudflare.com,3
Nameserver,titan.ns.cloudflare.com,3
Nameserver,joel.ns.cloudflare.com,3
Nameserver,stanley.ns.cloudflare.com,3
Nameserver,jo.ns.cloudflare.com,3
Nameserver,yew.ns.cloudflare.com,3
Nameserver,daphne.ns.cloudflare.com,3
Nameserver,braelyn.ns.cloudflare.com,3
Nameserver,lila.ns.cloudflare.com,3
Nameserver,fish.ns.cloudflare.com,3
Nameserver,henrik.ns.cloudflare.com,3
Nameserver,nicolas.ns.cloudflare.com,3
Nameserver,brian.ns.cloudflare.com,3
Nameserver,joaquin.ns.cloudflare.com,3
Nameserver,guy.ns.cloudflare.com,3
Nameserver,shaz.ns.cloudflare.com,3
Nameserver,ns1.hostingkarachi.com,3
Nameserver,ns2.hostingkarachi.com,3
Nameserver,ns1.all-harmless.domains,3
Nameserver,ns2.all-harmless.domains,3
Nameserver,f.sec.dns.br,3
Nameserver,ns1.greengeeks.net,3
Nameserver,ns2.greengeeks.net,3
Nameserver,cdns3.interserver.net,3
Nameserver,cdns1.interserver.net,3
Nameserver,cdns2.interserver.net,3
Nameserver,pam.ns.cloudflare.com,3
Nameserver,mallory.ns.cloudflare.com,3
Nameserver,tim.ns.cloudflare.com,3
Nameserver,jake.ns.cloudflare.com,3
Nameserver,nero.ns.cloudflare.com,3
Nameserver,brenda.ns.cloudflare.com,3
Nameserver,leif.ns.cloudflare.com,3
Nameserver,jamie.ns.cloudflare.com,3
Nameserver,ns-usa.topdns.com,3
Nameserver,ns-uk.topdns.com,3
Nameserver,ns1.anycastdns.cz,3
Nameserver,ns2.anycastdns.cz,3
Nameserver,ishaan.ns.cloudflare.com,3
Nameserver,brady.ns.cloudflare.com,3
Nameserver,ridge.ns.cloudflare.com,3
Nameserver,ina2.registrar.eu,3
Nameserver,ina1.registrar.eu,3
Nameserver,ina3.registrar.eu,3
Nameserver,ns3.markmonitor.com,3
Nameserver,ns2.markmonitor.com,3
Nameserver,ns4.markmonitor.com,3
Nameserver,ns5.markmonitor.com,3
Nameserver,ns7.markmonitor.com,3
Nameserver,ns1.markmonitor.com,3
Nameserver,ns6.markmonitor.com,3
Nameserver,laila.ns.cloudflare.com,3
Nameserver,vick.ns.cloudflare.com,3
Nameserver,sloan.ns.cloudflare.com,3
Nameserver,zeus.ns.cloudflare.com,3
Nameserver,ligia.ns.cloudflare.com,3
Nameserver,ns2.nskorea.com,3
Nameserver,ns.nskorea.com,3
Nameserver,ns3.nskorea.com,3
Nameserver,kimora.ns.cloudflare.com,3
Nameserver,grannbo.ns.cloudflare.com,3
Nameserver,koa.ns.cloudflare.com,3
Nameserver,gracie.ns.cloudflare.com,3
Nameserver,poppy.ns.cloudflare.com,3
Nameserver,hera.ns.cloudflare.com,3
Nameserver,ns6.wixdns.net,3
Nameserver,ns7.wixdns.net,3
Nameserver,keaton.ns.cloudflare.com,3
Nameserver,lee.ns.cloudflare.com,3
Nameserver,venkat.ns.cloudflare.com,3
Nameserver,ns1.onlydomains.com,3
Nameserver,ns2.onlydomains.com,3
Nameserver,ns3.onlydomains.com,3
Nameserver,hal.ns.cloudflare.com,3
Nameserver,ns1050.ui-dns.biz,3
Nameserver,rose.ns.cloudflare.com,3
Nameserver,ns1119.ui-dns.org,3
Nameserver,ns03.squarespacedns.com,3
Nameserver,ns04.squarespacedns.com,3
Nameserver,ns01.squarespacedns.com,3
Nameserver,ns02.squarespacedns.com,3
Nameserver,shades07.rzone.de,3
Nameserver,cody.ns.cloudflare.com,3
Nameserver,reza.ns.cloudflare.com,3
Nameserver,damiete.ns.cloudflare.com,3
Nameserver,adi.ns.cloudflare.com,3
Nameserver,macy.ns.cloudflare.com,3
Nameserver,bill.ns.cloudflare.com,3
Nameserver,ns12.infomaniak.ch,3
Nameserver,ns11.infomaniak.ch,3
Nameserver,docks20.rzone.de,3
Nameserver,ns1059.ui-dns.de,3
Nameserver,ns3.combell.net,3
Nameserver,ns4.combell.net,3
Nameserver,ns1.combell.eu,3
Nameserver,naya.ns.cloudflare.com,3
Nameserver,shades17.rzone.de,3
Nameserver,rachel.ns.cloudflare.com,3
Nameserver,ns1.niagahoster.com,3
Nameserver,ns2.niagahoster.com,3
Nameserver,nikon.ns.cloudflare.com,3
Nameserver,marvin.ns.cloudflare.com,3
Nameserver,ns1.exonhost.com,3
Nameserver,ns2.exonhost.com,3
Nameserver,ns1059.ui-dns.com,3
Nameserver,algin.ns.cloudflare.com,3
Nameserver,ns1055.ui-dns.com,3
Nameserver,dan2.host-ww.net,3
Nameserver,dan1.host-ww.net,3
Nameserver,huxley.ns.cloudflare.com,3
Nameserver,blair.ns.cloudflare.com,3
Nameserver,ace.ns.cloudflare.com,3
Nameserver,shades20.rzone.de,3
Nameserver,ns1052.ui-dns.de,3
Nameserver,michael.ns.cloudflare.com,3
Nameserver,sam.ns.cloudflare.com,3
Nameserver,cecelia.ns.cloudflare.com,3
Nameserver,malavika.ns.cloudflare.com,3
Nameserver,ns2.lwsdns.com,3
Nameserver,ns1.lwsdns.com,3
Nameserver,ns4.lwsdns.com,3
Nameserver,ns3.lwsdns.com,3
Nameserver,langston.ns.cloudflare.com,3
Nameserver,ns1126.ui-dns.de,3
Nameserver,ns1017.ui-dns.biz,3
Nameserver,ns1101.ui-dns.biz,3
Nameserver,ns1124.ui-dns.biz,3
Nameserver,ns19.ovh.net,3
Nameserver,dns19.ovh.net,3
Nameserver,dns200.anycast.me,3
Nameserver,ns200.anycast.me,3
Nameserver,evangeline.ns.cloudflare.com,3
Nameserver,ns1036.ui-dns.biz,3
Nameserver,dns112.ovh.net,3
Nameserver,ns112.ovh.net,3
Nameserver,ns1041.ui-dns.biz,3
Nameserver,ns1.syd5.hostyourservices.net,3
Nameserver,ns2.syd5.hostyourservices.net,3
Nameserver,ns1099.ui-dns.biz,3
Nameserver,dns1.hosterpk.com,3
Nameserver,dns2.hosterpk.com,3
Nameserver,christian.ns.cloudflare.com,3
Nameserver,ns1069.ui-dns.biz,3
Nameserver,audrey.ns.cloudflare.com,3
Nameserver,ns1071.ui-dns.de,3
Nameserver,ns1071.ui-dns.org,3
Nameserver,ns3.hostmar.com,3
Nameserver,ns4.hostmar.com,3
Nameserver,ns1.phase8.net,3
Nameserver,ns0.phase8.net,3
Nameserver,ns2.phase8.net,3
Nameserver,ns1020.ui-dns.org,3
Nameserver,ns1117.ui-dns.org,3
Nameserver,ns1.usa.cloudns.io,3
Nameserver,ns2.usa.cloudns.io,3
Nameserver,delilah.ns.cloudflare.com,3
Nameserver,zelda.ns.cloudflare.com,3
Nameserver,hans.ns.cloudflare.com,3
Nameserver,ns1024.ui-dns.com,3
Nameserver,ns1124.ui-dns.de,3
Nameserver,ns1052.ui-dns.org,3
Nameserver,dns4.kinghost.com.br,3
Nameserver,dns6.kinghost.com.br,3
Nameserver,dns5.kinghost.com.br,3
Nameserver,dns3.kinghost.com.br,3
Nameserver,cameron.ns.cloudflare.com,3
Nameserver,ns1047.ui-dns.org,3
Nameserver,ns4.afternic.com,3
Nameserver,ns3.afternic.com,3
Nameserver,uriah.ns.cloudflare.com,3
Nameserver,ns1120.ui-dns.biz,3
Nameserver,ns2.host-ww.net,3
Nameserver,ns1.host-ww.net,3
Nameserver,ns2.anikahosting.co.uk,3
Nameserver,ns1.anikahosting.co.uk,3
Nameserver,dns10.ovh.net,3
Nameserver,ns10.ovh.net,3
Nameserver,ns2.vodien.com,3
Nameserver,ns3.vodien.com,3
Nameserver,ns1.vodien.com,3
Nameserver,docks14.rzone.de,3
Nameserver,ns1041.ui-dns.com,3
Nameserver,ns1031.ui-dns.com,3
Nameserver,ns1.tn.ovh.net,3
Nameserver,dns1.tn.ovh.net,3
Nameserver,ns9.wixdns.net,3
Nameserver,ns8.wixdns.net,3
Nameserver,ns102.ovh.net,3
Nameserver,dns102.ovh.net,3
Nameserver,ns1108.ui-dns.com,3
Nameserver,ns1067.ui-dns.com,3
Nameserver,ns1077.ui-dns.biz,3
Nameserver,andy.ns.cloudflare.com,3
Nameserver,drew.ns.cloudflare.com,3
Nameserver,ns1.wixdns.net,3
Nameserver,ns0.wixdns.net,3
Nameserver,tegan.ns.cloudflare.com,3
Nameserver,isaac.ns.cloudflare.com,3
Nameserver,tessa.ns.cloudflare.com,3
Nameserver,ns2.netfirms.com,3
Nameserver,ns1.netfirms.com,3
Nameserver,ns1059.ui-dns.org,3
Nameserver,kevin.quicns.com,3
Nameserver,ns1553.websitewelcome.com,3
Nameserver,ns1554.websitewelcome.com,3
Nameserver,pete.ns.cloudflare.com,3
Nameserver,ns2.dihostings.com,3
Nameserver,ns1.dihostings.com,3
Nameserver,serenity.ns.cloudflare.com,3
Nameserver,ns1047.ui-dns.biz,3
Nameserver,ns1.hostcreators.sk,3
Nameserver,ns4.hostcreators.eu,3
Nameserver,ns2.hostcreators.sk,3
Nameserver,ns3.hostcreators.sk,3
Nameserver,docks03.rzone.de,3
Nameserver,indie.ns.cloudflare.com,3
Nameserver,ns1106.ui-dns.biz,3
Nameserver,roman.ns.cloudflare.com,3
Nameserver,jermaine.ns.cloudflare.com,3
Nameserver,ns1.blacknight.com,3
Nameserver,ns2.blacknight.com,3
Nameserver,piotr.ns.cloudflare.com,3
Nameserver,jewel.ns.cloudflare.com,3
Nameserver,dave.ns.cloudflare.com,3
Nameserver,ed.ns.cloudflare.com,3
Nameserver,tanner.ns.cloudflare.com,3
Nameserver,ns3.cloudoon.com,3
Nameserver,ns2.cloudoon.com,3
Nameserver,coco.ns.cloudflare.com,3
Nameserver,jaime.ns.cloudflare.com,3
Nameserver,trey.ns.cloudflare.com,3
Nameserver,leland.ns.cloudflare.com,3
Nameserver,maxim.ns.cloudflare.com,3
Nameserver,ns3.nazwa.pl,3
Nameserver,ns1.nazwa.pl,3
Nameserver,ns2.nazwa.pl,3
Nameserver,ns13.wixdns.net,3
Nameserver,ns12.wixdns.net,3
Nameserver,katelyn.ns.cloudflare.com,3
Nameserver,nitin.ns.cloudflare.com,3
Nameserver,chan.ns.cloudflare.com,3
Nameserver,memphis.ns.cloudflare.com,3
Nameserver,gina.ns.cloudflare.com,3
Nameserver,zariyah.ns.cloudflare.com,3
Nameserver,rodrigo.ns.cloudflare.com,3
Nameserver,ns2.cafe24.com,3
Nameserver,ns1.cafe24.com,3
Nameserver,dolly.ns.cloudflare.com,3
Nameserver,dante.ns.cloudflare.com,3
Nameserver,gordon.ns.cloudflare.com,3
Nameserver,dom.ns.cloudflare.com,3
Nameserver,bethany.ns.cloudflare.com,3
Nameserver,ajay.ns.cloudflare.com,3
Nameserver,susan.ns.cloudflare.com,3
Nameserver,fatima.ns.cloudflare.com,3
Nameserver,adrian.ns.cloudflare.com,2
Nameserver,gannon.ns.cloudflare.com,2
Nameserver,dayana.ns.cloudflare.com,2
Nameserver,johnny.ns.cloudflare.com,2
Nameserver,kayden.ns.cloudflare.com,2
Nameserver,georgia.ns.cloudflare.com,2
Nameserver,donald.ns.cloudflare.com,2
Nameserver,ns1.myhostadmin.net,2
Nameserver,ns2.myhostadmin.net,2
Nameserver,ns7.alidns.com,2
Nameserver,ns8.alidns.com,2
Nameserver,lynn.ns.cloudflare.com,2
Nameserver,arushi.ns.cloudflare.com,2
Nameserver,jay.ns.cloudflare.com,2
Nameserver,deborah.ns.cloudflare.com,2
Nameserver,ns3.domainnamedns.com,2
Nameserver,ns4.domainnamedns.com,2
Nameserver,ns2.domainnamedns.com,2
Nameserver,ns1.domainnamedns.com,2
Nameserver,magnolia.ns.cloudflare.com,2
Nameserver,rudy.ns.cloudflare.com,2
Nameserver,jasper.ns.cloudflare.com,2
Nameserver,christina.ns.cloudflare.com,2
Nameserver,kenia.ns.cloudflare.com,2
Nameserver,bingo.ns.cloudflare.com,2
Nameserver,ollie.ns.cloudflare.com,2
Nameserver,seth.ns.cloudflare.com,2
Nameserver,clarissa.ns.cloudflare.com,2
Nameserver,journey.ns.cloudflare.com,2
Nameserver,arturo.ns.cloudflare.com,2
Nameserver,kami.ns.cloudflare.com,2
Nameserver,hunts.ns.cloudflare.com,2
Nameserver,lilyana.ns.cloudflare.com,2
Nameserver,lewis.ns.cloudflare.com,2
Nameserver,docks07.rzone.de,2
Nameserver,shades09.rzone.de,2
Nameserver,ns7598162139.a2dns.com,2
Nameserver,ns1909215924.a2dns.com,2
Nameserver,jill.ns.cloudflare.com,2
Nameserver,dimitris.ns.cloudflare.com,2
Nameserver,katja.ns.cloudflare.com,2
Nameserver,lucy.ns.cloudflare.com,2
Nameserver,surina.ns.cloudflare.com,2
Nameserver,jade.ns.cloudflare.com,2
Nameserver,hayes.ns.cloudflare.com,2
Nameserver,tadeo.ns.cloudflare.com,2
Nameserver,corey.ns.cloudflare.com,2
Nameserver,lina.ns.cloudflare.com,2
Nameserver,ariadne.ns.cloudflare.com,2
Nameserver,eloise.ns.cloudflare.com,2
Nameserver,carter.ns.cloudflare.com,2
Nameserver,dean.ns.cloudflare.com,2
Nameserver,vicente.ns.cloudflare.com,2
Nameserver,angela.ns.cloudflare.com,2
Nameserver,felicity.ns.cloudflare.com,2
Nameserver,ines.ns.cloudflare.com,2
Nameserver,vicky.ns.cloudflare.com,2
Nameserver,melinda.ns.cloudflare.com,2
Nameserver,joan.ns.cloudflare.com,2
Nameserver,miguel.ns.cloudflare.com,2
Nameserver,malcolm.ns.cloudflare.com,2
Nameserver,jacqueline.ns.cloudflare.com,2
Nameserver,karsyn.ns.cloudflare.com,2
Nameserver,ziggy.ns.cloudflare.com,2
Nameserver,arya.ns.cloudflare.com,2
Nameserver,sreeni.ns.cloudflare.com,2
Nameserver,craig.ns.cloudflare.com,2
Nameserver,ns3.secuidc.com,2
Nameserver,ns2.secuidc.com,2
Nameserver,ns.secuidc.com,2
Nameserver,zod.ns.cloudflare.com,2
Nameserver,norm.ns.cloudflare.com,2
Nameserver,od2.hostsrv.org,2
Nameserver,od1.hostsrv.org,2
Nameserver,ns2.mum1.hostclusters.com,2
Nameserver,ns1.mum1.hostclusters.com,2
Nameserver,ns1.navicosoft.com,2
Nameserver,ns3.navicosoft.com,2
Nameserver,ns2.navicosoft.com,2
Nameserver,walt.ns.cloudflare.com,2
Nameserver,eu.solidhosting.pro,2
Nameserver,sg.solidhosting.pro,2
Nameserver,in.solidhosting.pro,2
Nameserver,us.solidhosting.pro,2
Nameserver,ns23.my-control-panel.com,2
Nameserver,ns24.my-control-panel.com,2
Nameserver,ns1.rehmansoft.net,2
Nameserver,ns2.rehmansoft.net,2
Nameserver,gloria.ns.cloudflare.com,2
Nameserver,david.ns.cloudflare.com,2
Nameserver,ns12.dnsexit.com,2
Nameserver,ns11.dnsexit.com,2
Nameserver,ns13.dnsexit.com,2
Nameserver,ns10.dnsexit.com,2
Nameserver,jim.ns.cloudflare.com,2
Nameserver,bayan.ns.cloudflare.com,2
Nameserver,maisie.ns.cloudflare.com,2
Nameserver,vasilii.ns.cloudflare.com,2
Nameserver,eoin.ns.cloudflare.com,2
Nameserver,ns2.1984hosting.com,2
Nameserver,ns0.1984.is,2
Nameserver,ns1.1984hosting.com,2
Nameserver,ns1.1984.is,2
Nameserver,ns2.1984.is,2
Nameserver,ns3.hosteons.com,2
Nameserver,ns4.hosteons.com,2
Nameserver,ns2.hosteons.com,2
Nameserver,ns1.hosteons.com,2
Nameserver,lana.ns.cloudflare.com,2
Nameserver,ns-canada.topdns.com,2
Nameserver,emily.ns.cloudflare.com,2
Nameserver,grant.ns.cloudflare.com,2
Nameserver,raina.ns.cloudflare.com,2
Nameserver,sage.ns.cloudflare.com,2
Nameserver,adele.ns.cloudflare.com,2
Nameserver,kyree.ns.cloudflare.com,2
Nameserver,kinsley.ns.cloudflare.com,2
Nameserver,rohin.ns.cloudflare.com,2
Nameserver,summer.ns.cloudflare.com,2
Nameserver,clint.ns.cloudflare.com,2
Nameserver,tony.ns.cloudflare.com,2
Nameserver,jarred.ns.cloudflare.com,2
Nameserver,elma.ns.cloudflare.com,2
Nameserver,adam.ns.cloudflare.com,2
Nameserver,paislee.ns.cloudflare.com,2
Nameserver,ns6.dynu.com,2
Nameserver,ns5.dynu.com,2
Nameserver,ns3.dynu.com,2
Nameserver,ns1.dynu.com,2
Nameserver,ns2.dynu.com,2
Nameserver,ns4.dynu.com,2
Nameserver,woz.ns.cloudflare.com,2
Nameserver,justin.ns.cloudflare.com,2
Nameserver,janet.ns.cloudflare.com,2
Nameserver,ns1bcp.name.com,2
Nameserver,ns4ghm.name.com,2
Nameserver,lloyd.ns.cloudflare.com,2
Nameserver,ns41.zns-53.net,2
Nameserver,ns31.zns-53.com,2
Nameserver,pdns90.ultradns.biz,2
Nameserver,ns1.zohocorp.com,2
Nameserver,pdns90.ultradns.com,2
Nameserver,ns21.zns-53.net,2
Nameserver,ns11.zns-53.com,2
Nameserver,pdns90.ultradns.net,2
Nameserver,harlan.ns.cloudflare.com,2
Nameserver,thaddeus.ns.cloudflare.com,2
Nameserver,teresa.ns.cloudflare.com,2
Nameserver,imani.ns.cloudflare.com,2
Nameserver,aarav.ns.cloudflare.com,2
Nameserver,rayne.ns.cloudflare.com,2
Nameserver,ns1.serviciodns.es,2
Nameserver,ns3.serviciodns.es,2
Nameserver,ns2.serviciodns.es,2
Nameserver,dns27.hichina.com,2
Nameserver,dns28.hichina.com,2
Nameserver,dane.ns.cloudflare.com,2
Nameserver,ada.ns.cloudflare.com,2
Nameserver,ns2dfg.name.com,2
Nameserver,garrett.ns.cloudflare.com,2
Nameserver,dns1.p07.nsone.net,2
Nameserver,dns4.p07.nsone.net,2
Nameserver,dns3.p07.nsone.net,2
Nameserver,dns2.p07.nsone.net,2
Nameserver,ns1.symbolhost.com,2
Nameserver,ns3.symbolhost.com,2
Nameserver,ns4.symbolhost.com,2
Nameserver,ns2.symbolhost.com,2
Nameserver,adelaide.ns.cloudflare.com,2
Nameserver,mark.ns.cloudflare.com,2
Nameserver,bowen.ns.cloudflare.com,2
Nameserver,zainab.ns.cloudflare.com,2
Nameserver,pedro.ns.cloudflare.com,2
Nameserver,ethan.ns.cloudflare.com,2
Nameserver,ns2.dnspro.com.br,2
Nameserver,ns1.dnspro.com.br,2
Nameserver,ns2.orangehost.com,2
Nameserver,ns1.orangehost.com,2
Nameserver,robin.ns.cloudflare.com,2
Nameserver,ns1.netnovaz.info,2
Nameserver,ns2.netnovaz.info,2
Nameserver,bjorn.ns.cloudflare.com,2
Nameserver,ns1107.ui-dns.biz,2
Nameserver,ns1043.ui-dns.de,2
Nameserver,vin.ns.cloudflare.com,2
Nameserver,nick.ns.cloudflare.com,2
Nameserver,dns17.ovh.net,2
Nameserver,ns17.ovh.net,2
Nameserver,nena.ns.cloudflare.com,2
Nameserver,ns50.hostgator.com.br,2
Nameserver,ns51.hostgator.com.br,2
Nameserver,ximena.ns.cloudflare.com,2
Nameserver,ns1120.ui-dns.org,2
Nameserver,ns1055.ui-dns.biz,2
Nameserver,ns3.wpdns.host,2
Nameserver,ns1.wpdns.host,2
Nameserver,ns2.wpdns.host,2
Nameserver,june.ns.cloudflare.com,2
Nameserver,dns11.ovh.net,2
Nameserver,ns11.ovh.net,2
Nameserver,ns1066.ui-dns.biz,2
Nameserver,ns1083.ui-dns.com,2
Nameserver,coleman.ns.cloudflare.com,2
Nameserver,ns101.webnic.cc,2
Nameserver,ns100.webnic.cc,2
Nameserver,ns162.websitewelcome.com,2
Nameserver,ns161.websitewelcome.com,2
Nameserver,docks09.rzone.de,2
Nameserver,ns4.himalayanhosting.com,2
Nameserver,ns1.himalayanhosting.com,2
Nameserver,ns3.himalayanhosting.com,2
Nameserver,ns2.himalayanhosting.com,2
Nameserver,jakub.ns.cloudflare.com,2
Nameserver,ns1.vultr.com,2
Nameserver,ns2.vultr.com,2
Nameserver,ns1047.ui-dns.de,2
Nameserver,nspro10.hostgator.co,2
Nameserver,nspro11.hostgator.co,2
Nameserver,tess.ns.cloudflare.com,2
Nameserver,ns1055.ui-dns.org,2
Nameserver,ns1092.ui-dns.org,2
Nameserver,ns1123.ui-dns.de,2
Nameserver,ns1.cyberfolks.pl,2
Nameserver,ns2.cyberfolks.pl,2
Nameserver,ns3.cyberfolks.pl,2
Nameserver,garret.ns.cloudflare.com,2
Nameserver,ns12.lwsdns.com,2
Nameserver,ns9.lwsdns.com,2
Nameserver,ns11.lwsdns.com,2
Nameserver,ns10.lwsdns.com,2
Nameserver,ns1.ro.hostsailor.com,2
Nameserver,ns2.ro.hostsailor.com,2
Nameserver,devin.ns.cloudflare.com,2
Nameserver,dnsplesk16.erahosting.es,2
Nameserver,dns33000.dizinc.com,2
Nameserver,dns33001.dizinc.com,2
Nameserver,ns1073.ui-dns.com,2
Nameserver,ns1065.ui-dns.com,2
Nameserver,ns1102.ui-dns.de,2
Nameserver,sue.ns.cloudflare.com,2
Nameserver,dns107.ovh.net,2
Nameserver,ns107.ovh.net,2
Nameserver,melnicoff.ns.cloudflare.com,2
Nameserver,ns1082.ui-dns.biz,2
Nameserver,ns1.dominios.uol.com.br,2
Nameserver,ns3.dominios.uol.com.br,2
Nameserver,ns2.dominios.uol.com.br,2
Nameserver,lauryn.ns.cloudflare.com,2
Nameserver,ns1070.ui-dns.org,2
Nameserver,ns1118.ui-dns.biz,2
Nameserver,ns1040.ui-dns.org,2
Nameserver,ns1050.ui-dns.org,2
Nameserver,ns1016.ui-dns.org,2
Nameserver,ns1106.ui-dns.com,2
Nameserver,alex.ns.cloudflare.com,2
Nameserver,ruth.ns.cloudflare.com,2
Nameserver,ns1060.ui-dns.de,2
Nameserver,ns1100.ui-dns.org,2
Nameserver,freedns4.registrar-servers.com,2
Nameserver,freedns1.registrar-servers.com,2
Nameserver,freedns2.registrar-servers.com,2
Nameserver,freedns5.registrar-servers.com,2
Nameserver,freedns3.registrar-servers.com,2
Nameserver,ns121.benzahosting.cl,2
Nameserver,ns122.benzahosting.net,2
Nameserver,ns121.benzahosting.net,2
Nameserver,ns122.benzahosting.cl,2
Nameserver,dns108.ovh.net,2
Nameserver,ns108.ovh.net,2
Nameserver,ns1099.ui-dns.de,2
Nameserver,ns1064.ui-dns.de,2
Nameserver,ns1029.ui-dns.org,2
Nameserver,ns1063.ui-dns.biz,2
Nameserver,ns32.infomaniak.com,2
Nameserver,ns31.infomaniak.com,2
Nameserver,ns1110.ui-dns.org,2
Nameserver,ns1099.ui-dns.com,2
Nameserver,ns1030.ui-dns.de,2
Nameserver,ns1115.ui-dns.org,2
Nameserver,ns1046.ui-dns.com,2
Nameserver,ns1083.ui-dns.biz,2
Nameserver,ns27.worldnic.com,2
Nameserver,ns28.worldnic.com,2
Nameserver,ns1071.ui-dns.biz,2
Nameserver,ns1073.ui-dns.de,2
Nameserver,ns1028.ui-dns.biz,2
Nameserver,ns-1046.awsdns-02.org,2
Nameserver,ns-1637.awsdns-12.co.uk,2
Nameserver,patrick.ns.cloudflare.com,2
Nameserver,ns1048.ui-dns.org,2
Nameserver,ns1109.ui-dns.de,2
Nameserver,ns1107.ui-dns.com,2
Nameserver,monroe.ns.cloudflare.com,2
Nameserver,quinton.ns.cloudflare.com,2
Nameserver,ns2.hover.com,2
Nameserver,ns1.hover.com,2
Nameserver,ns1062.ui-dns.org,2
Nameserver,ns1056.ui-dns.com,2
Nameserver,ns1089.ui-dns.biz,2
Nameserver,karl.ns.cloudflare.com,2
Nameserver,ns8289.hostgator.com,2
Nameserver,ns8290.hostgator.com,2
Nameserver,luciane.ns.cloudflare.com,2
Nameserver,ns1035.ui-dns.com,2
Nameserver,ns1108.ui-dns.de,2
Nameserver,davina.ns.cloudflare.com,2
Nameserver,ns1021.ui-dns.de,2
Nameserver,ns.udag.org,2
Nameserver,ns.udag.net,2
Nameserver,ns.udag.de,2
Nameserver,dns109.ovh.net,2
Nameserver,ns109.ovh.net,2
Nameserver,ns3.zonedns.vn,2
Nameserver,ns4.zonedns.vn,2
Nameserver,ns1.zonedns.vn,2
Nameserver,ns2.zonedns.vn,2
Nameserver,ns1068.ui-dns.org,2
Nameserver,ns2.dnsmadeeasy.com,2
Nameserver,ns3.dnsmadeeasy.com,2
Nameserver,ns4.dnsmadeeasy.com,2
Nameserver,ns1.dnsmadeeasy.com,2
Nameserver,ns0.dnsmadeeasy.com,2
Nameserver,ns1680.websitewelcome.com,2
Nameserver,ns1679.websitewelcome.com,2
Nameserver,ns1057.ui-dns.org,2
Nameserver,ns1024.ui-dns.biz,2
Nameserver,ns101b.turnkeywebspace.com,2
Nameserver,ns101a.turnkeywebspace.com,2
Nameserver,ns1052.ui-dns.com,2
Nameserver,alexis.ns.cloudflare.com,2
Nameserver,ns1051.ui-dns.com,2
Nameserver,ns1035.ui-dns.org,2
Nameserver,ns1069.ui-dns.de,2
Nameserver,ns1111.ui-dns.com,2
Nameserver,ned.ns.cloudflare.com,2
Nameserver,ns1090.ui-dns.biz,2
Nameserver,ns1087.ui-dns.org,2
Nameserver,ns1118.ui-dns.com,2
Nameserver,ns1080.ui-dns.com,2
Nameserver,boyd.ns.cloudflare.com,2
Nameserver,ns1059.ui-dns.biz,2
Nameserver,ns1103.ui-dns.biz,2
Nameserver,michelle.ns.cloudflare.com,2
Nameserver,ns1.simply.com,2
Nameserver,ns3.simply.com,2
Nameserver,ns2.simply.com,2
Nameserver,dns106.ovh.net,2
Nameserver,ns106.ovh.net,2
Nameserver,ns2.hoststar.hosting,2
Nameserver,ns1.hoststar.hosting,2
Nameserver,ns1113.ui-dns.biz,2
Nameserver,ns113.my-control-panel.com,2
Nameserver,ns114.my-control-panel.com,2
Nameserver,ns10.hostgator.mx,2
Nameserver,ns11.hostgator.mx,2
Nameserver,nspro41.hostgator.com.br,2
Nameserver,nspro40.hostgator.com.br,2
Nameserver,ns1019.ui-dns.biz,2
Nameserver,ns1082.ui-dns.org,2
Nameserver,sofia.ns.cloudflare.com,2
Nameserver,ns1070.ui-dns.com,2
Nameserver,ns1031.ui-dns.de,2
Nameserver,ns1108.ui-dns.org,2
Nameserver,ns1093.ui-dns.de,2
Nameserver,ns87.worldnic.com,2
Nameserver,ns88.worldnic.com,2
Nameserver,leah.ns.cloudflare.com,2
Nameserver,ns1078.ui-dns.org,2
Nameserver,ns1019.ui-dns.org,2
Nameserver,ns1026.ui-dns.org,2
Nameserver,ns1053.ui-dns.com,2
Nameserver,shades04.rzone.de,2
Nameserver,ns1116.ui-dns.de,2
Nameserver,ns1036.ui-dns.com,2
Nameserver,ns1116.ui-dns.com,2
Nameserver,ns1016.ui-dns.biz,2
Nameserver,ns1065.ui-dns.biz,2
Nameserver,ns1038.ui-dns.de,2
Nameserver,ns2.pickaweb.co.uk,2
Nameserver,ns1.pickaweb.co.uk,2
Nameserver,ns2.cloudhostingid.com,2
Nameserver,ns1.cloudhostingid.com,2
Nameserver,ns2.webgo.de,2
Nameserver,ns4.webgo.de,2
Nameserver,ns1.webgo.de,2
Nameserver,ns3.webgo.de,2
Nameserver,a.sec.dns.br,2
Nameserver,ns1075.ui-dns.biz,2
Nameserver,ns2.auserver.com.au,2
Nameserver,ns1.auserver.com.au,2
Nameserver,ns1117.ui-dns.de,2
Nameserver,ns1022.ui-dns.biz,2
Nameserver,brenna.ns.cloudflare.com,2
Nameserver,meg.ns.cloudflare.com,2
Nameserver,ns3.hostpoint.ch,2
Nameserver,ns.hostpoint.ch,2
Nameserver,ns2.hostpoint.ch,2
Nameserver,b.auto.dns.br,2
Nameserver,a.auto.dns.br,2
Nameserver,rocky.ns.cloudflare.com,2
Nameserver,ns2.redlinewebworks.com,2
Nameserver,ns1.redlinewebworks.com,2
Nameserver,ns1051.ui-dns.de,2
Nameserver,watson.ns.cloudflare.com,2
Nameserver,ns1040.ui-dns.de,2
Nameserver,ns1063.ui-dns.com,2
Nameserver,ns1106.ui-dns.de,2
Nameserver,maria.ns.cloudflare.com,2
Nameserver,ns1098.ui-dns.de,2
Nameserver,dns1.dapurhosting.net,2
Nameserver,dns3.dapurhosting.net,2
Nameserver,dns2.dapurhosting.net,2
Nameserver,dns4.dapurhosting.net,2
Nameserver,keira.ns.cloudflare.com,2
Nameserver,ns1072.ui-dns.com,2
Nameserver,ns1026.ui-dns.com,2
Nameserver,ns2.sitesdepot.com,2
Nameserver,ns1.sitesdepot.com,2
Nameserver,ns02.volos.friktoria.net,2
Nameserver,linux103.volos.friktoria.net,2
Nameserver,luna.mydnsvault.com,2
Nameserver,neon.mydnsvault.com,2
Nameserver,odin.mydnsvault.com,2
Nameserver,dns1.orbis.hr,2
Nameserver,dns2.orbis.hr,2
Nameserver,ns01.proisp.no,2
Nameserver,ns02.proisp.no,2
Nameserver,ns1.speedydns.net,2
Nameserver,ns2.speedydns.net,2
Nameserver,bdns1.exonhost.com,2
Nameserver,bdns2.exonhost.com,2
Nameserver,ns2.cyon.ch,2
Nameserver,ns1.cyon.ch,2
Nameserver,ns2.matbao.vn,2
Nameserver,ns1.matbao.vn,2
Nameserver,ns1073.ui-dns.biz,2
Nameserver,ns1064.ui-dns.org,2
Nameserver,ns-243.awsdns-30.com,2
Nameserver,keenan.ns.cloudflare.com,2
Nameserver,leonidas.ns.cloudflare.com,2
Nameserver,ns2.lighthosting.net,2
Nameserver,ns.lh.pl,2
Nameserver,khalid.ns.cloudflare.com,2
Nameserver,carlos.ns.cloudflare.com,2
Nameserver,cesar.ns.cloudflare.com,2
Nameserver,ns2.panelbox.net,2
Nameserver,ns3.panelbox.net,2
Nameserver,ns4.panelbox.net,2
Nameserver,ns1.panelbox.net,2
Nameserver,shades11.rzone.de,2
Nameserver,denver.ns.cloudflare.com,2
Nameserver,sierra.ns.cloudflare.com,2
Nameserver,karina.ns.cloudflare.com,2
Nameserver,charles.ns.cloudflare.com,2
Nameserver,ns1112.ui-dns.org,2
Nameserver,ns1017.ui-dns.de,2
Nameserver,louis.ns.cloudflare.com,2
Nameserver,ns1058.ui-dns.org,2
Nameserver,ns1103.ui-dns.org,2
Nameserver,ns1038.ui-dns.com,2
Nameserver,donna.ns.cloudflare.com,2
Nameserver,ns653.websitewelcome.com,2
Nameserver,ns654.websitewelcome.com,2
Nameserver,nsd.go54.com,2
Nameserver,nsc.go54.com,2
Nameserver,ns1.reg365.net,2
Nameserver,ns0.reg365.net,2
Nameserver,ns2.reg365.net,2
Nameserver,nora.ns.cloudflare.com,2
Nameserver,ns2.rrincendio.com.br,2
Nameserver,ns1.rrincendio.com.br,2
Nameserver,samara.ns.cloudflare.com,2
Nameserver,ns2.hostpapa.com,2
Nameserver,ns1.hostpapa.com,2
Nameserver,bonnie.ns.cloudflare.com,2
Nameserver,wilson.ns.cloudflare.com,2
Nameserver,ns1042.ui-dns.com,2
Nameserver,lily.ns.cloudflare.com,2
Nameserver,ns1051.ui-dns.biz,2
Nameserver,irma.ns.cloudflare.com,2
Nameserver,stevie.ns.cloudflare.com,2
Nameserver,ns1044.ui-dns.biz,2
Nameserver,ns1119.ui-dns.com,2
Nameserver,ns1121.ui-dns.com,2
Nameserver,ns1125.ui-dns.org,2
Nameserver,ns2.upress.io,2
Nameserver,ns1.upress.io,2
Nameserver,sonny.ns.cloudflare.com,2
Nameserver,annabel.ns.cloudflare.com,2
Nameserver,ns1115.ui-dns.biz,2
Nameserver,ns10.webreus.net,2
Nameserver,ns11.webreus.net,2
Nameserver,ns8092.hostgator.com,2
Nameserver,ns8091.hostgator.com,2
Nameserver,ns20.lwsdns.com,2
Nameserver,ns18.lwsdns.com,2
Nameserver,ns19.lwsdns.com,2
Nameserver,ns17.lwsdns.com,2
Nameserver,ns1080.ui-dns.de,2
Nameserver,ns1064.ui-dns.biz,2
Nameserver,ns1096.ui-dns.org,2
Nameserver,tori.ns.cloudflare.com,2
Nameserver,mimi.ns.cloudflare.com,2
Nameserver,ns1.syd2.hostingplatform.net.au,2
Nameserver,ns2.syd2.hostingplatform.net.au,2
Nameserver,cheryl.ns.cloudflare.com,2
Nameserver,mitch.ns.cloudflare.com,2
Nameserver,ns1092.ui-dns.de,2
Nameserver,leonard.ns.cloudflare.com,2
Nameserver,docks04.rzone.de,2
Nameserver,ns1.site4now.net,2
Nameserver,ns2.site4now.net,2
Nameserver,ns3.site4now.net,2
Nameserver,etta.ns.cloudflare.com,2
Nameserver,miles.ns.cloudflare.com,2
Nameserver,ns03.trademarkarea.com,2
Nameserver,ns01.trademarkarea.com,2
Nameserver,ns02.trademarkarea.com,2
Nameserver,ns1085.ui-dns.org,2
Nameserver,john.ns.cloudflare.com,2
Nameserver,bella.ns.cloudflare.com,2
Nameserver,rosemary.ns.cloudflare.com,2
Nameserver,ns4.blacknight.com,2
Nameserver,ns3.blacknight.com,2
Nameserver,ns1119.ui-dns.de,2
Nameserver,ns5.cdmondns-01.com,2
Nameserver,ns4.cdmondns-01.org,2
Nameserver,ns3.cdmon.net,2
Nameserver,ns1.cdmon.net,2
Nameserver,ns2.cdmon.net,2
Nameserver,colette.ns.cloudflare.com,2
Nameserver,dns2.linuxpl.com,2
Nameserver,dns1.linuxpl.com,2
Nameserver,ns-336.awsdns-42.com,2
Nameserver,ns48.websitewelcome.com,2
Nameserver,ns47.websitewelcome.com,2
Nameserver,ns6.volthosting.co.uk,2
Nameserver,ns5.volthosting.co.uk,2
Nameserver,kanye.ns.cloudflare.com,2
Nameserver,elliott.ns.cloudflare.com,2
Nameserver,ns3.openprovider.eu,2
Nameserver,ns1.openprovider.nl,2
Nameserver,ns2.openprovider.be,2
Nameserver,ns1.dns4userver.com,2
Nameserver,ns2.dns4userver.com,2
Nameserver,ns3.dns4userver.com,2
Nameserver,casey.ns.cloudflare.com,2
Nameserver,wells.ns.cloudflare.com,2
Nameserver,oaklyn.ns.cloudflare.com,2
Nameserver,magali.ns.cloudflare.com,2
Nameserver,evan.ns.cloudflare.com,2
Nameserver,ns2.googledomains.com,2
Nameserver,ns3.googledomains.com,2
Nameserver,ns1.googledomains.com,2
Nameserver,ns4.googledomains.com,2
Nameserver,cns1.simplexi.com,2
Nameserver,cns2.simplexi.com,2
Nameserver,ns2.cafe24.co.kr,2
Nameserver,ns1.cafe24.co.kr,2
Nameserver,yadiel.ns.cloudflare.com,2
Nameserver,pearl.ns.cloudflare.com,2
Nameserver,randall.ns.cloudflare.com,2
Nameserver,camilo.ns.cloudflare.com,2
Nameserver,julio.ns.cloudflare.com,2
Nameserver,liz.ns.cloudflare.com,2
Nameserver,love.ns.cloudflare.com,2
Nameserver,sureena.ns.cloudflare.com,2
Nameserver,wren.ns.cloudflare.com,2
Nameserver,may.ns.cloudflare.com,2
Nameserver,rustam.ns.cloudflare.com,2
Nameserver,ns1.hosting.reg.ru,2
Nameserver,ns2.hosting.reg.ru,2
Nameserver,ns07.pronethost.com,2
Nameserver,ns08.pronethost.com,2
Nameserver,norah.ns.cloudflare.com,2
Nameserver,ns1bqx.name.com,2
Nameserver,ns4fqz.name.com,2
Nameserver,ns3bgq.name.com,2
Nameserver,harmony.dnspod.net,2
Nameserver,goat.dnspod.net,2
Nameserver,rayden.ns.cloudflare.com,2
Nameserver,n2.xundns.com,2
Nameserver,n1.xundns.com,2
Nameserver,ns0.lcn.com,2
Nameserver,ns1.lcn.com,2
Nameserver,ns2.lcn.com,2
Nameserver,dale.ns.cloudflare.com,2
Nameserver,mckenzie.ns.cloudflare.com,2
Nameserver,ophelia.ns.cloudflare.com,2
Nameserver,ns8132.hostgator.com,2
Nameserver,ns8131.hostgator.com,2
Nameserver,coby.ns.cloudflare.com,1
Nameserver,ns1.justhost.ru,1
Nameserver,ns2.justhost.ru,1
Nameserver,hen.dnspod.net,1
Nameserver,koala.dnspod.net,1
Nameserver,yichun.ns.cloudflare.com,1
Nameserver,ns1.sevenjidc.com.br,1
Nameserver,ns2.sevenjidc.com.br,1
Nameserver,ns3.sevenjidc.com.br,1
Nameserver,ns1.armorbullet.host,1
Nameserver,ns2.armorbullet.host,1
Nameserver,ns2.example.com,1
Nameserver,ns1.example.com,1
Nameserver,ns-832.awsdns-40.net,1
Nameserver,ns-1475.awsdns-56.org,1
Nameserver,ns-261.awsdns-32.com,1
Nameserver,ns-2015.awsdns-59.co.uk,1
Nameserver,sky.ns.cloudflare.com,1
Nameserver,ndns1.cosmotown.com,1
Nameserver,ndns2.cosmotown.com,1
Nameserver,shubhi.ns.cloudflare.com,1
Nameserver,ns3.ucoz.net,1
Nameserver,ns2.ucoz.net,1
Nameserver,jerry.ns.cloudflare.com,1
Nameserver,vern.ns.cloudflare.com,1
Nameserver,ns1.1111343.com,1
Nameserver,ns2.1111343.com,1
Nameserver,ns4.1111343.com,1
Nameserver,ns3.1111343.com,1
Nameserver,ns6.hostbreak.com,1
Nameserver,ns5.hostbreak.com,1
Nameserver,ns1.goo.su,1
Nameserver,ns2.goo.su,1
Nameserver,ns-rs2.gmoserver.jp,1
Nameserver,ns-rs1.gmoserver.jp,1
Nameserver,ns1kwy.name.com,1
Nameserver,ns4fmw.name.com,1
Nameserver,ns3jnr.name.com,1
Nameserver,ns2dqx.name.com,1
Nameserver,ns1.infini.fr,1
Nameserver,ns2.infini.fr,1
Nameserver,ns1.wmatrix.in,1
Nameserver,ns2.wmatrix.in,1
Nameserver,deb.ns.cloudflare.com,1
Nameserver,ns1.excelsglobal.com,1
Nameserver,ns2.excelsglobal.com,1
Nameserver,ns268.websitewelcome.com,1
Nameserver,ns267.websitewelcome.com,1
Nameserver,res11.yourwebhosting.net,1
Nameserver,res12.yourwebhosting.net,1
Nameserver,ns1.proisp.no,1
Nameserver,ns2.proisp.no,1
Nameserver,ns1.parkingcrew.net,1
Nameserver,ns2.parkingcrew.net,1
Nameserver,ns1.rcacademy.at,1
Nameserver,ns2.rcacademy.at,1
Nameserver,ns11.dns-noc.net,1
Nameserver,ns3.dns-noc.net,1
Nameserver,ns3.dns-noc.org,1
Nameserver,ns11.dns-noc.org,1
Nameserver,ns26.websitewelcome.com,1
Nameserver,ns25.websitewelcome.com,1
Nameserver,10.1.16.4,1
Nameserver,ns01.cartaobrb.com.br,1
Nameserver,10.1.16.5,1
Nameserver,srvvmz02,1
Nameserver,ns02.cartaobrb.com.br,1
Nameserver,ns1.mymvpworks.com,1
Nameserver,ns3.mymvpworks.com,1
Nameserver,ns0.mymvpworks.com,1
Nameserver,ns4.mymvpworks.com,1
Nameserver,ns2.mymvpworks.com,1
Nameserver,ns900.hostgator.com.br,1
Nameserver,ns901.hostgator.com.br,1
Nameserver,ns2.projetosmecanicos.com.br,1
Nameserver,ns1.projetosmecanicos.com.br,1
Nameserver,pns11.cloudns.net,1
Nameserver,pns12.cloudns.net,1
Nameserver,pns13.cloudns.net,1
Nameserver,pns14.cloudns.net,1
Nameserver,treasure.ns.cloudflare.com,1
Nameserver,ns2.smartcontrolengineer.com,1
Nameserver,ns1.smartcontrolengineer.com,1
Nameserver,piers.ns.cloudflare.com,1
Nameserver,aliza.ns.cloudflare.com,1
Nameserver,noel.ns.cloudflare.com,1
Nameserver,coraline.ns.cloudflare.com,1
Nameserver,dana.ns.cloudflare.com,1
Nameserver,everton.ns.cloudflare.com,1
Nameserver,aleena.ns.cloudflare.com,1
Nameserver,sara.ns.cloudflare.com,1
Nameserver,micah.ns.cloudflare.com,1
Nameserver,fay.ns.cloudflare.com,1
Nameserver,raquel.ns.cloudflare.com,1
Nameserver,sneh.ns.cloudflare.com,1
Nameserver,gene.ns.cloudflare.com,1
Nameserver,darl.ns.cloudflare.com,1
Nameserver,patryk.ns.cloudflare.com,1
Nameserver,ns-169-b.gandi.net,1
Nameserver,ns-57-c.gandi.net,1
Nameserver,ns-162-a.gandi.net,1
Nameserver,damien.ns.cloudflare.com,1
Nameserver,anastasia.ns.cloudflare.com,1
Nameserver,ns2.sdsns.com,1
Nameserver,ns1.sdsns.com,1
Nameserver,ns2.da-hosting.co.kr,1
Nameserver,ns3.sedns.kr,1
Nameserver,ns2.sedns.kr,1
Nameserver,ns1.sedns.kr,1
Nameserver,ns-382.awsdns-47.com,1
Nameserver,ns-726.awsdns-26.net,1
Nameserver,ns-1155.awsdns-16.org,1
Nameserver,ns-1708.awsdns-21.co.uk,1
Nameserver,ns1.cloud-center.ro,1
Nameserver,ns4.cloud-center.ro,1
Nameserver,ns2.cloud-center.ro,1
Nameserver,ns3.cloud-center.ro,1
Nameserver,finley.ns.cloudflare.com,1
Nameserver,ns2.bh-46.webhostbox.net,1
Nameserver,ns1.bh-46.webhostbox.net,1
Nameserver,ns2.bh-12.webhostbox.net,1
Nameserver,ns1.bh-12.webhostbox.net,1
Nameserver,nsbd2.hostseba.com,1
Nameserver,nsbd1.hostseba.com,1
Nameserver,psbd4.hostseba.com,1
Nameserver,psbd3.hostseba.com,1
Nameserver,ns2.webplanet.studio,1
Nameserver,ns1.webplanet.studio,1
Nameserver,ns1.imagemweb.com.br,1
Nameserver,ns2.imagemweb.com.br,1
Nameserver,laura.ns.cloudflare.com,1
Nameserver,vns50.vhost.net.br,1
Nameserver,vns55.vhost.net.br,1
Nameserver,ns1.starizpk.com,1
Nameserver,ns2.starizpk.com,1
Nameserver,cdns1.servercpanel.com,1
Nameserver,cdns2.servercpanel.com,1
Nameserver,ns2.threesixtytactics.com,1
Nameserver,ns1.threesixtytactics.com,1
Nameserver,ns1.wwwroot.net,1
Nameserver,ns2.wwwroot.net,1
Nameserver,ns1515.securen.net,1
Nameserver,ns1516.securen.net,1
Nameserver,ns1.srv.hostregistracom.com,1
Nameserver,ns2.srv.hostregistracom.com,1
Nameserver,ns294.websitewelcome.com,1
Nameserver,ns293.websitewelcome.com,1
Nameserver,ns149.websitewelcome.com,1
Nameserver,ns150.websitewelcome.com,1
Nameserver,ns2.hostico.ro,1
Nameserver,ns3.hostico.ro,1
Nameserver,ns1.hostico.ro,1
Nameserver,ns4.hostico.ro,1
Nameserver,ns4.bdsmw.com,1
Nameserver,ns3.bdsmw.com,1
Nameserver,ns2.bdsmw.com,1
Nameserver,ns1.bdsmw.com,1
Nameserver,ns2.entornomarket.cl,1
Nameserver,ns1.entornomarket.cl,1
Nameserver,ns2.bountylab.net,1
Nameserver,ns1.bountylab.net,1
Nameserver,rns29.webhostbox.net,1
Nameserver,rns30.webhostbox.net,1
Nameserver,ns14.thecloudwebhosts.com,1
Nameserver,ns13.thecloudwebhosts.com,1
Nameserver,ns1.bh-24.webhostbox.net,1
Nameserver,ns2.bh-24.webhostbox.net,1
Nameserver,ns2.emyuconsulting.com.ng,1
Nameserver,ns1.emyuconsulting.com.ng,1
Nameserver,ns2.heberhost.com,1
Nameserver,ns1.heberhost.com,1
Nameserver,ns4.heberhost.com,1
Nameserver,ns3.heberhost.com,1
Nameserver,ns1.burwebhosting.com,1
Nameserver,ns2.burwebhosting.com,1
Nameserver,ns2.hostns.io,1
Nameserver,ns1.hostns.io,1
Nameserver,ns7.hostingmarketers.com,1
Nameserver,ns71.hostingmarketers.com,1
Nameserver,ns81.hostingmarketers.com,1
Nameserver,ns8.hostingmarketers.com,1
Nameserver,snametech.mars.orderbox-dns.com,1
Nameserver,snametech.earth.orderbox-dns.com,1
Nameserver,snametech.venus.orderbox-dns.com,1
Nameserver,snametech.mercury.orderbox-dns.com,1
Nameserver,dalns4.masterns.com,1
Nameserver,dalns3.masterns.com,1
Nameserver,ns1.nuevascabezas.cl,1
Nameserver,ns2.nuevascabezas.cl,1
Nameserver,ns1.webspacecontrol.com,1
Nameserver,ns2.webspacecontrol.com,1
Nameserver,ns2.supernovahost.com.br,1
Nameserver,ns1.supernovahost.com.br,1
Nameserver,ns108a.turnkeywebspace.com,1
Nameserver,ns108b.turnkeywebspace.com,1
Nameserver,ns2.serverbhz.com.br,1
Nameserver,ns1.serverbhz.com.br,1
Nameserver,rex.ns.cloudflare.com,1
Nameserver,ns1.aladdinmedia.com,1
Nameserver,ns2.aladdinmedia.com,1
Nameserver,ze2.hostsrv.org,1
Nameserver,ze1.hostsrv.org,1
Nameserver,ns1.contaboserver.net,1
Nameserver,ns2.contaboserver.net,1
Nameserver,ns2.mywebserver.co.za,1
Nameserver,ns3.mywebserver.co.za,1
Nameserver,ns1.mwebserver.co.za,1
Nameserver,ns1.bh-ht-4.webhostbox.net,1
Nameserver,ns2.bh-ht-4.webhostbox.net,1
Nameserver,ns1.netsearchindia.com,1
Nameserver,ns2.netsearchindia.com,1
Nameserver,ns5.bigwetfish.co.uk,1
Nameserver,ns6.bigwetfish.co.uk,1
Nameserver,ns4.bigwetfish.co.uk,1
Nameserver,ns12.prodominios.com,1
Nameserver,ns1.prodominios.com,1
Nameserver,ns11.prodominios.com,1
Nameserver,ns2.prodominios.com,1
Nameserver,nspro13.hostgator.cl,1
Nameserver,nspro12.hostgator.cl,1
Nameserver,ns1.hostingbusiness.in,1
Nameserver,ns.hostingbusiness.in,1
Nameserver,ns2.hostingbusiness.in,1
Nameserver,ns4.hostingbusiness.in,1
Nameserver,rs53a.registrar-servers.com,1
Nameserver,rs53b.registrar-servers.com,1
Nameserver,ns2.altaconsultoria.com.br,1
Nameserver,ns1.altaconsultoria.com.br,1
Nameserver,ns181.dnsserverboot.com,1
Nameserver,ns182.dnsserverboot.com,1
Nameserver,ns1600.websitewelcome.com,1
Nameserver,ns1599.websitewelcome.com,1
Nameserver,ns2.bh-9.webhostbox.net,1
Nameserver,ns1.bh-9.webhostbox.net,1
Nameserver,ns2.artfique.com.br,1
Nameserver,ns1.artfique.com.br,1
Nameserver,ns27.my-control-panel.com,1
Nameserver,ns28.my-control-panel.com,1
Nameserver,ns1.maghost.ro,1
Nameserver,ns3.maghost.ro,1
Nameserver,ns2.maghost.ro,1
Nameserver,ns2.huevohost.cl,1
Nameserver,ns1.huevohost.cl,1
Nameserver,riddhi1.genxwhosting.com,1
Nameserver,riddhi2.genxwhosting.com,1
Nameserver,ns2cp10.zonasprivadasdns.com,1
Nameserver,ns1cp10.zonasprivadasdns.com,1
Nameserver,ns2.infinitweb.com,1
Nameserver,ns1.infinitweb.com,1
Nameserver,r3.gigilist.com,1
Nameserver,r4.gigilist.com,1
Nameserver,ns1.adminhostdns18.com,1
Nameserver,ns2.adminhostdns18.com,1
Nameserver,ns1.superdnssite.com,1
Nameserver,ns2.superdnssite.com,1
Nameserver,ns1.enlacediseno.com,1
Nameserver,ns2.enlacediseno.com,1
Nameserver,ns2.hostfortal.net,1
Nameserver,ns1.hostfortal.net,1
Nameserver,ns.evaristopaiva.com.br,1
Nameserver,ns.hostfortal.com.br,1
Nameserver,ns2.bh-67.webhostbox.net,1
Nameserver,ns1.bh-67.webhostbox.net,1
Nameserver,ns13.hostmar.com,1
Nameserver,ns14.hostmar.com,1
Nameserver,kristin.ns.cloudflare.com,1
Nameserver,nadia.ns.cloudflare.com,1
Nameserver,b.ns.facebook.com,1
Nameserver,c.ns.facebook.com,1
Nameserver,d.ns.facebook.com,1
Nameserver,a.ns.facebook.com,1
Nameserver,expire01.dnspod.net,1
Nameserver,expire02.dnspod.net,1
Nameserver,ns4-04.azure-dns.info,1
Nameserver,ns1-04.azure-dns.com,1
Nameserver,ns3-04.azure-dns.org,1
Nameserver,ns2-04.azure-dns.net,1
Nameserver,ns2.julydns.com,1
Nameserver,ns1.julydns.com,1
Nameserver,elsa.ns.cloudflare.com,1
Nameserver,ns1.khmerlinux.com,1
Nameserver,ns2.khmerlinux.com,1
Nameserver,ns1.thoisu-doisong.com,1
Nameserver,ns2.thoisu-doisong.com,1
Nameserver,ns.domainca.com,1
Nameserver,ns2.domainca.com,1
Nameserver,lakas.ns.cloudflare.com,1
Nameserver,ns1.ksdom.kr,1
Nameserver,ns2.ksdom.kr,1
Nameserver,yolanda.ns.cloudflare.com,1
Nameserver,ns2.freehosting.com,1
Nameserver,ns1.freehosting.com,1
Nameserver,ns4.ukrnames.ua,1
Nameserver,ns3.ukrnames.com,1
Nameserver,ns1.ukrnames.com,1
Nameserver,ns2.ukrnames.com,1
Nameserver,ns2.rdp.rs,1
Nameserver,ns1.rdp.sh,1
Nameserver,thcservers.venus.orderbox-dns.com,1
Nameserver,thcservers.earth.orderbox-dns.com,1
Nameserver,thcservers.mercury.orderbox-dns.com,1
Nameserver,thcservers.mars.orderbox-dns.com,1
Nameserver,ns3.heopldenticalderr.org,1
Nameserver,ns2.heopldenticalderr.org,1
Nameserver,ns4.heopldenticalderr.org,1
Nameserver,ns1.heopldenticalderr.org,1
Nameserver,maciej.ns.cloudflare.com,1
Nameserver,ainsley.ns.cloudflare.com,1
Nameserver,ns2637.ztomy.com,1
Nameserver,ns1637.ztomy.com,1
Nameserver,ns2.ddos-guard.net,1
Nameserver,ns1.ddos-guard.net,1
Nameserver,ns.inodea.co.kr,1
Nameserver,ns3.inodea.co.kr,1
Nameserver,ns1.inodea.co.kr,1
Nameserver,ns2.indoea.co.kr,1
Nameserver,ns.mbdesign.co.kr,1
Nameserver,dns10.hichina.com,1
Nameserver,dns9.hichina.com,1
Nameserver,dns24.hichina.com,1
Nameserver,dns23.hichina.com,1
Nameserver,dns3.p08.nsone.net,1
Nameserver,ns-520.awsdns-01.net,1
Nameserver,dns4.p08.nsone.net,1
Nameserver,dns1.p08.nsone.net,1
Nameserver,ns-1283.awsdns-32.org,1
Nameserver,dns2.p08.nsone.net,1
Nameserver,ns-1707.awsdns-21.co.uk,1
Nameserver,ns-421.awsdns-52.com,1
Nameserver,ns-1676.awsdns-17.co.uk,1
Nameserver,ns-677.awsdns-20.net,1
Nameserver,ns-147.awsdns-18.com,1
Nameserver,ns-1407.awsdns-47.org,1
Nameserver,ns.hibox.hinet.net,1
Nameserver,ns1.hibox.hinet.net,1
Nameserver,ns1.istanco.com,1
Nameserver,ns2.istanco.com,1
Nameserver,alexia.ns.cloudflare.com,1
Nameserver,aitana.ns.cloudflare.com,1
Nameserver,ns3qty.name.com,1
Nameserver,ns2dky.name.com,1
Nameserver,ns2.sinkhole.caad.fkie.fraunhofer.de,1
Nameserver,ns1.sinkhole.caad.fkie.fraunhofer.de,1
Nameserver,ns3.sinkhole.caad.fkie.fraunhofer.de,1
Nameserver,leo.ns.cloudflare.com,1
Nameserver,ns2.andc.gov.af,1
Nameserver,ns1.andc.gov.af,1
Nameserver,dns29.hichina.com,1
Nameserver,dns30.hichina.com,1
Nameserver,ns2.jtdnsv1.com,1
Nameserver,ns1.jtdnsv1.com,1
Nameserver,thomas.ns.cloudflare.com,1
Nameserver,dns31.hichina.com,1
Nameserver,dns32.hichina.com,1
Nameserver,ns-1261.awsdns-29.org,1
Nameserver,ns-275.awsdns-34.com,1
Nameserver,ns-1711.awsdns-21.co.uk,1
Nameserver,ns-730.awsdns-27.net,1
Nameserver,cruz.ns.cloudflare.com,1
Nameserver,redbud.dnspod.net,1
Nameserver,rosewood.dnspod.net,1
Nameserver,dns6.hichina.com,1
Nameserver,dns5.hichina.com,1
Nameserver,mud.dnspod.net,1
Nameserver,fan.dnspod.net,1
Nameserver,ns3cna.name.com,1
Nameserver,ns1cnb.name.com,1
Nameserver,ns4dfh.name.com,1
Nameserver,ns1.lexsynergy.net,1
Nameserver,ns2.lexsynergy.us,1
Nameserver,ns3.lexsynergy.info,1
Nameserver,bristol.ns.cloudflare.com,1
Nameserver,ns5.offsh.nl,1
Nameserver,ns6.offsh.nl,1
Nameserver,ns3.mchost.ru,1
Nameserver,ns1.mchost.ru,1
Nameserver,ns2.mchost.ru,1
Nameserver,ns4.mchost.ru,1
Nameserver,wesley.ns.cloudflare.com,1
Nameserver,lilith.ns.cloudflare.com,1
Nameserver,autumn.ns.cloudflare.com,1
Nameserver,kevin.ns.cloudflare.com,1
Nameserver,ns2.bh-ht-8.webhostbox.net,1
Nameserver,ns1.bh-ht-8.webhostbox.net,1
Nameserver,ns63.cloudns.net,1
Nameserver,ns61.cloudns.net,1
Nameserver,ns64.cloudns.uk,1
Nameserver,ns62.cloudns.com,1
Nameserver,meiling.ns.cloudflare.com,1
Nameserver,ns2.virtono.com,1
Nameserver,ns4.virtono.com,1
Nameserver,ns1.virtono.com,1
Nameserver,ns3.virtono.com,1
Nameserver,ns1.freedns.si,1
Nameserver,ns3.freedns.si,1
Nameserver,ns2.freedns.si,1
Nameserver,aminserve.mars.orderbox-dns.com,1
Nameserver,aminserve.venus.orderbox-dns.com,1
Nameserver,aminserve.earth.orderbox-dns.com,1
Nameserver,aminserve.mercury.orderbox-dns.com,1
Nameserver,ns15.momentumhosting.cloud,1
Nameserver,ns16.momentumhosting.cloud,1
Nameserver,ns8.zhostbd.com,1
Nameserver,ns7.zhostbd.com,1
Nameserver,matt.ns.cloudflare.com,1
Nameserver,ns.habari.co.tz,1
Nameserver,ns2.habari.ne.tz,1
Nameserver,ns-1757.awsdns-27.co.uk,1
Nameserver,ns-1034.awsdns-01.org,1
Nameserver,ns-631.awsdns-14.net,1
Nameserver,ns-139.awsdns-17.com,1
Nameserver,ns1125.ui-dns.de,1
Nameserver,ns1089.ui-dns.com,1
Nameserver,ns1.gh-dns.com,1
Nameserver,ns2.gh-dns.com,1
Nameserver,vda2000b.trouble-free.net,1
Nameserver,vda2000a.trouble-free.net,1
Nameserver,ns130.websitewelcome.com,1
Nameserver,ns129.websitewelcome.com,1
Nameserver,ns1091.ui-dns.de,1
Nameserver,ns1040.ui-dns.biz,1
Nameserver,ns1074.ui-dns.com,1
Nameserver,ns336.websitewelcome.com,1
Nameserver,ns335.websitewelcome.com,1
Nameserver,ns1.paginas-web-baratas.com,1
Nameserver,ns2.paginas-web-baratas.com,1
Nameserver,docks08.rzone.de,1
Nameserver,ns19.piensasolutions.com,1
Nameserver,ns20.piensasolutions.com,1
Nameserver,ns1017.ui-dns.org,1
Nameserver,ns-704.awsdns-24.net,1
Nameserver,ns-408.awsdns-51.com,1
Nameserver,ns-1777.awsdns-30.co.uk,1
Nameserver,ns-1220.awsdns-24.org,1
Nameserver,ns1.plservers.com,1
Nameserver,ns2.plservers.com,1
Nameserver,ns822.hostgator.com.br,1
Nameserver,ns823.hostgator.com.br,1
Nameserver,ns1.celebritysummits.com,1
Nameserver,ns2.celebritysummits.com,1
Nameserver,ns8.ehostingperu.net,1
Nameserver,ns7.ehostingperu.net,1
Nameserver,ns00021.hostgator.mx,1
Nameserver,ns00020.hostgator.mx,1
Nameserver,ns1.turbohost.eu,1
Nameserver,ns2.turbohost.eu,1
Nameserver,rs31a.registrar-servers.com,1
Nameserver,rs31b.registrar-servers.com,1
Nameserver,ns2.aznet.vn,1
Nameserver,ns1.aznet.vn,1
Nameserver,nsbak.aznet.vn,1
Nameserver,dns44.servidoresdns.net,1
Nameserver,dns43.servidoresdns.net,1
Nameserver,ns3334.ahcorporation.net,1
Nameserver,ns3333.ahcorporation.net,1
Nameserver,dns3.stormhoster.com,1
Nameserver,dns4.stormhoster.com,1
Nameserver,ns1.albertmovingandstorage.com,1
Nameserver,ns2.albertmovingandstorage.com,1
Nameserver,ns1.autotransportspecialty.com,1
Nameserver,ns2.autotransportspecialty.com,1
Nameserver,ns1057.ui-dns.de,1
Nameserver,ns1103.ui-dns.com,1
Nameserver,shades05.rzone.de,1
Nameserver,desiree.ns.cloudflare.com,1
Nameserver,ns1024.ui-dns.org,1
Nameserver,ns499001.erahosting.es,1
Nameserver,lv499001.erahosting.es,1
Nameserver,ns1.i-dns.uk,1
Nameserver,ns2.i-dns.uk,1
Nameserver,ns1.mxwebserver.com,1
Nameserver,ns2.mxwebserver.com,1
Nameserver,ns2.dalult4.hostarmada.net,1
Nameserver,ns1.dalult4.hostarmada.net,1
Nameserver,ns6273.hostgator.com,1
Nameserver,ns6274.hostgator.com,1
Nameserver,ns314.kenyawebexperts.co.ke,1
Nameserver,ns313.kenyawebexperts.co.ke,1
Nameserver,ns8364.hostgator.com,1
Nameserver,ns8363.hostgator.com,1
Nameserver,ns1.tino.org,1
Nameserver,ns2.tino.org,1
Nameserver,dns4.hostgator.com.br,1
Nameserver,dns3.hostgator.com.br,1
Nameserver,ns0.myisp.co.ke,1
Nameserver,ns1.zonomi.com,1
Nameserver,ns1.myisp.co.ke,1
Nameserver,ns2.zonomi.com,1
Nameserver,ns4205.hostgator.com,1
Nameserver,ns4206.hostgator.com,1
Nameserver,ns6025.hostgator.com,1
Nameserver,ns6026.hostgator.com,1
Nameserver,dns1.webinhost.com.br,1
Nameserver,dns2.webinhost.com.br,1
Nameserver,ns2.3secureserver.xyz,1
Nameserver,ns1.3secureserver.xyz,1
Nameserver,dns40.domaine.fr,1
Nameserver,dns2.french-connexion.com,1
Nameserver,ns1121.ui-dns.biz,1
Nameserver,ns3-08.azure-dns.org,1
Nameserver,ns4-08.azure-dns.info,1
Nameserver,ns2-08.azure-dns.net,1
Nameserver,ns1-08.azure-dns.com,1
Nameserver,ns01.merazulhosting.com,1
Nameserver,ns04.merazulhosting.com,1
Nameserver,ns02.merazulhosting.com,1
Nameserver,ns03.merazulhosting.com,1
Nameserver,ns1055.ui-dns.de,1
Nameserver,rick.ns.cloudflare.com,1
Nameserver,ns2.graphic-realm.com,1
Nameserver,ns1.graphic-realm.com,1
Nameserver,kareem.ns.cloudflare.com,1
Nameserver,ns4.levehost.com.br,1
Nameserver,ns3.levehost.com.br,1
Nameserver,ns2.4g-tel.com,1
Nameserver,ns1.4g-tel.com,1
Nameserver,ns3.thcservers.com,1
Nameserver,ns2.thcservers.com,1
Nameserver,ns4.thcservers.com,1
Nameserver,ns1.thcservers.com,1
Nameserver,damian.ns.cloudflare.com,1
Nameserver,ns5.gozde-net.com,1
Nameserver,ns6.gozde-net.com,1
Nameserver,ns6092.hostgator.com,1
Nameserver,ns6091.hostgator.com,1
Nameserver,ns1.d612645.name-servers.gr,1
Nameserver,ns2.d612645.name-servers.gr,1
Nameserver,ns2.powerpark.ro,1
Nameserver,ns1.powerpark.ro,1
Nameserver,ns3.powerpark.ro,1
Nameserver,ns4.powerpark.ro,1
Nameserver,dnsa.mojohost.com,1
Nameserver,dnsc.mojohost.com,1
Nameserver,dnsb.mojohost.com,1
Nameserver,dnsd.mojohost.com,1
Nameserver,terry.ns.cloudflare.com,1
Nameserver,dns1.locawilserver03.com.br,1
Nameserver,dns3.locawilserver03.com.br,1
Nameserver,dns4.locawilserver03.com.br,1
Nameserver,dns2.locawilserver03.com.br,1
Nameserver,ns1.redehost.com.br,1
Nameserver,ns2.redehost.com.br,1
Nameserver,ns3hjx.name.com,1
Nameserver,ns4ksy.name.com,1
Nameserver,ns4.chaboum.com,1
Nameserver,ns3.chaboum.com,1
Nameserver,ns1-38.azure-dns.com,1
Nameserver,ns4-38.azure-dns.info,1
Nameserver,ns2-38.azure-dns.net,1
Nameserver,ns3-38.azure-dns.org,1
Nameserver,sion2.hostingred.net,1
Nameserver,sion1.hostingred.net,1
Nameserver,ns8491.hostgator.com,1
Nameserver,ns8492.hostgator.com,1
Nameserver,cpanel12.vhosting-it.com,1
Nameserver,sdns5.vhosting-it.com,1
Nameserver,docks15.rzone.de,1
Nameserver,dns3.usethisnameserver.com,1
Nameserver,dns1.usethisnameserver.com,1
Nameserver,dns2.usethisnameserver.com,1
Nameserver,cns3.cloudpit.io,1
Nameserver,cns1.cloudpit.de,1
Nameserver,cns2.cloudpit.com,1
Nameserver,plesk16.erahosting.es,1
Nameserver,ns1.creawebhosting.org,1
Nameserver,ns3.creawebhosting.org,1
Nameserver,ns4.creawebhosting.org,1
Nameserver,ns2.creawebhosting.org,1
Nameserver,ns1.namebox.ro,1
Nameserver,ns2.namebox.ro,1
Nameserver,ns6333.hostgator.com,1
Nameserver,ns6334.hostgator.com,1
Nameserver,ns1120.ui-dns.de,1
Nameserver,ns1025.ui-dns.biz,1
Nameserver,ns39.worldnic.com,1
Nameserver,ns40.worldnic.com,1
Nameserver,ns1086.ui-dns.org,1
Nameserver,ns1112.ui-dns.biz,1
Nameserver,ns30.hostmydev.com,1
Nameserver,ns31.hostmydev.com,1
Nameserver,dina.ns.cloudflare.com,1
Nameserver,valentin.ns.cloudflare.com,1
Nameserver,alexa.ns.cloudflare.com,1
Nameserver,ns1psw.name.com,1
Nameserver,ns4kmw.name.com,1
Nameserver,ns3nrz.name.com,1
Nameserver,ns2fhn.name.com,1
Nameserver,nsbak.dotvndns.com,1
Nameserver,ns1.dotvndns.vn,1
Nameserver,ns2.dotvndns.vn,1
Nameserver,ns1.nycefmonline.com,1
Nameserver,ns2.nycefmonline.com,1
Nameserver,dns2.fakat.net,1
Nameserver,dns.fakat.net,1
Nameserver,park3.websolutions.it,1
Nameserver,ns2.9netweb.it,1
Nameserver,ch.pro.io,1
Nameserver,p.dnh.net,1
Nameserver,nl.pro.io,1
Nameserver,shades16.rzone.de,1
Nameserver,docks11.rzone.de,1
Nameserver,ns2.neodigit.net,1
Nameserver,ns1.neodigit.net,1
Nameserver,ns2.hostinglotus.com,1
Nameserver,ns1.hostinglotus.com,1
Nameserver,ns24.hostgator.cl,1
Nameserver,ns25.hostgator.cl,1
Nameserver,dn2.valisint.net,1
Nameserver,dn1.valisint.net,1
Nameserver,ns1.dns.ne.jp,1
Nameserver,ns2.dns.ne.jp,1
Nameserver,ns1092.ui-dns.com,1
Nameserver,ns1053.ui-dns.org,1
Nameserver,ns6646.hostgator.com,1
Nameserver,ns6645.hostgator.com,1
Nameserver,dns3.p09.nsone.net,1
Nameserver,dns2.p09.nsone.net,1
Nameserver,dns1.p09.nsone.net,1
Nameserver,dns4.p09.nsone.net,1
Nameserver,ns1381.websitewelcome.com,1
Nameserver,ns1382.websitewelcome.com,1
Nameserver,ns1.sparksystems.com.bd,1
Nameserver,ns2.sparksystems.com.bd,1
Nameserver,ns1.v2588811.hostpapavps.net,1
Nameserver,ns2.v2588811.hostpapavps.net,1
Nameserver,ns1.healgram.gr,1
Nameserver,ns2.healgram.gr,1
Nameserver,ns1036.ui-dns.de,1
Nameserver,a.ns.bsws.de,1
Nameserver,b.ns.bsws.de,1
Nameserver,c.ns.bsws.de,1
Nameserver,ns2.wpx.net,1
Nameserver,ns3.wpx.net,1
Nameserver,ns1.wpx.net,1
Nameserver,ns1032.ui-dns.com,1
Nameserver,ns1020.ui-dns.de,1
Nameserver,ns00177.hostgator.com.br,1
Nameserver,ns00176.hostgator.com.br,1
Nameserver,ns1071.hostgator.com.br,1
Nameserver,ns1070.hostgator.com.br,1
Nameserver,ns2.daamihost.com,1
Nameserver,ns1.daamihost.com,1
Nameserver,ns1028.ui-dns.com,1
Nameserver,ns1104.ui-dns.biz,1
Nameserver,ns2.nicsell.com,1
Nameserver,ns1.nicsell.com,1
Nameserver,ns2.partnerconsole.net,1
Nameserver,ns3.partnerconsole.net,1
Nameserver,ns1.partnerconsole.net,1
Nameserver,ns00005.prodns.com.br,1
Nameserver,ns00004.prodns.com.br,1
Nameserver,ns23.hostgator.co,1
Nameserver,ns22.hostgator.co,1
Nameserver,ns105.ovh.net,1
Nameserver,dns105.ovh.net,1
Nameserver,ns8146.hostgator.com,1
Nameserver,ns8145.hostgator.com,1
Nameserver,ns710.hostgator.com.br,1
Nameserver,ns711.hostgator.com.br,1
Nameserver,ns14.ovh.net,1
Nameserver,dns14.ovh.net,1
Nameserver,mars.ns.webpillar.co.uk,1
Nameserver,mercury.ns.webpillar.co.uk,1
Nameserver,venus.ns.webpillar.co.uk,1
Nameserver,earth.ns.webpillar.co.uk,1
Nameserver,dns1.small.pl,1
Nameserver,dns2.small.pl,1
Nameserver,dns101.ovh.net,1
Nameserver,ns101.ovh.net,1
Nameserver,ns1018.ui-dns.com,1
Nameserver,ns1.fusiondev.net,1
Nameserver,ns2.fusiondev.net,1
Nameserver,dns1.netuno.net.br,1
Nameserver,dns2.netuno.net.br,1
Nameserver,ns1.aeroceptsgt.com,1
Nameserver,ns2.aeroceptsgt.com,1
Nameserver,dns113.ovh.net,1
Nameserver,ns113.ovh.net,1
Nameserver,ns10.ovh.ca,1
Nameserver,dns10.ovh.ca,1
Nameserver,ns1.darwin.dnshostnetwork.com,1
Nameserver,ns2.darwin.dnshostnetwork.com,1
Nameserver,ns526.sellvir.com,1
Nameserver,ns525.sellvir.com,1
Nameserver,ns2.cpanelhost.cl,1
Nameserver,ns1.cpanelhost.cl,1
Nameserver,ns8412.hostgator.com,1
Nameserver,ns8411.hostgator.com,1
Nameserver,ns1.ikoula.nl,1
Nameserver,linheb01.ikoula.nl,1
Nameserver,ns2.host2vps.com,1
Nameserver,ns1.invibe.com.br,1
Nameserver,ns2.invibe.com.br,1
Nameserver,ns2.ezywebhost.com,1
Nameserver,ns1.wthost.com,1
Nameserver,ns2.wthost.com,1
Nameserver,ns1.ezywebhost.com,1
Nameserver,ns1110.ui-dns.de,1
Nameserver,ns1.cofeusa.com,1
Nameserver,ns2.cofeusa.com,1
Nameserver,ns1168.hostgator.com.br,1
Nameserver,ns1169.hostgator.com.br,1
Nameserver,ns1.srv3eua.com.br,1
Nameserver,ns2.srv3eua.com.br,1
Nameserver,ns2.mijndnsserver.nl,1
Nameserver,ns4.mijndnsserver.net,1
Nameserver,ns3.mijndnsserver.eu,1
Nameserver,ns1.mijndnsserver.nl,1
Nameserver,ns3.he.net,1
Nameserver,ns4.he.net,1
Nameserver,ns2.he.net,1
Nameserver,ns5.he.net,1
Nameserver,ns1.he.net,1
Nameserver,ns6259.hostgator.com,1
Nameserver,ns6260.hostgator.com,1
Nameserver,ns2.coolstuff.co.za,1
Nameserver,ns1.coolstuff.co.za,1
Nameserver,ns1035.ui-dns.de,1
Nameserver,ns23.hostgator.cl,1
Nameserver,ns22.hostgator.cl,1
Nameserver,ns276.hostgator.com.br,1
Nameserver,ns277.hostgator.com.br,1
Nameserver,ns1.wp.one,1
Nameserver,ns2.wp.one,1
Nameserver,ns1079.ui-dns.de,1
Nameserver,ns3.hostland.ru,1
Nameserver,ns.hostland.ru,1
Nameserver,shades18.rzone.de,1
Nameserver,ns1071.ui-dns.com,1
Nameserver,sgpns40-2.fastdirectadminserver.com,1
Nameserver,sgpns40.fastdirectadminserver.com,1
Nameserver,ns8328.hostgator.com,1
Nameserver,ns8327.hostgator.com,1
Nameserver,ns2.bh-65.webhostbox.net,1
Nameserver,ns1.bh-65.webhostbox.net,1
Nameserver,ns1046.ui-dns.org,1
Nameserver,ns1025.ui-dns.com,1
Nameserver,ns183.herosite.pro,1
Nameserver,ns182.herosite.pro,1
Nameserver,ns2.adammoving.com,1
Nameserver,ns1.adammoving.com,1
Nameserver,ns-840.awsdns-41.net,1
Nameserver,ns-306.awsdns-38.com,1
Nameserver,ns1095.ui-dns.org,1
Nameserver,ns1120.ui-dns.com,1
Nameserver,ns80.hostgator.mx,1
Nameserver,ns81.hostgator.mx,1
Nameserver,dns1.hostiq.ua,1
Nameserver,dns2.hostiq.ua,1
Nameserver,ns6283.hostgator.com,1
Nameserver,ns6284.hostgator.com,1
Nameserver,ns4.serveriai.lt,1
Nameserver,ns2.serveriai.lt,1
Nameserver,ns3.serveriai.lt,1
Nameserver,ns1.serveriai.lt,1
Nameserver,cns2.rackforest.com,1
Nameserver,cns1.rackforest.com,1
Nameserver,ns1.lenasi.org,1
Nameserver,ns2.lenasi.org,1
Nameserver,ns1.sitechai.com,1
Nameserver,ns2.sitechai.com,1
Nameserver,ns1093.ui-dns.com,1
Nameserver,ns1083.ui-dns.de,1
Nameserver,ns1080.ui-dns.org,1
Nameserver,rommy.ns.cloudflare.com,1
Nameserver,ns2.web46.libyanspider.net,1
Nameserver,ns1.web46.libyanspider.net,1
Nameserver,ns1098.ui-dns.biz,1
Nameserver,ns1122.ui-dns.de,1
Nameserver,ns1102.ui-dns.com,1
Nameserver,ns1089.ui-dns.de,1
Nameserver,ns16.privatesever.com,1
Nameserver,ns15.privatesever.com,1
Nameserver,ns8015.hostgator.com,1
Nameserver,ns8016.hostgator.com,1
Nameserver,ns1037.ui-dns.org,1
Nameserver,ns2.dimofinf.sa,1
Nameserver,ns1.dimofinf.sa,1
Nameserver,ns4.dimofinf.sa,1
Nameserver,ns3.dimofinf.sa,1
Nameserver,ns2.americanautotransportation.com,1
Nameserver,ns1.americanautotransportation.com,1
Nameserver,ns2.americanmovers.co,1
Nameserver,ns1.americanmovers.co,1
Nameserver,ns1.wordpress.com,1
Nameserver,ns2.wordpress.com,1
Nameserver,ns3.wordpress.com,1
Nameserver,ns1125.ui-dns.biz,1
Nameserver,ns3.hostmetro.com,1
Nameserver,ns4.hostmetro.com,1
Nameserver,ns1.andaluciaocasion.com,1
Nameserver,ns28.m2estudio.com,1
Nameserver,ns27.m2estudio.com,1
Nameserver,ns2.andaluciaocasion.com,1
Nameserver,docks10.rzone.de,1
Nameserver,ns2.elkdata.ee,1
Nameserver,ns.elkdata.ee,1
Nameserver,ns3.elkdata.net,1
Nameserver,ns2.md-in-56.webhostbox.net,1
Nameserver,ns1.md-in-56.webhostbox.net,1
Nameserver,ns1118.ui-dns.org,1
Nameserver,ns120.hostgator.mx,1
Nameserver,ns121.hostgator.mx,1
Nameserver,ns1.cpanelhosting.rs,1
Nameserver,ns2.cpanelhosting.rs,1
Nameserver,ns3.cpanelhosting.rs,1
Nameserver,ns02.v2nets.com,1
Nameserver,ns01.v2nets.com,1
Nameserver,ns1074.ui-dns.de,1
Nameserver,ns347.hostgator.com,1
Nameserver,ns348.hostgator.com,1
Nameserver,ns555.hostgator.com.br,1
Nameserver,ns554.hostgator.com.br,1
Nameserver,ns1.nita.gov.gh,1
Nameserver,ns2.nita.gov.gh,1
Nameserver,ns5.nita.gov.gh,1
Nameserver,ns4.nita.gov.gh,1
Nameserver,ns3.nita.gov.gh,1
Nameserver,ns1562.websitewelcome.com,1
Nameserver,ns1561.websitewelcome.com,1
Nameserver,ns1.cloud86.nl,1
Nameserver,ns2.cloud86.nl,1
Nameserver,ns3.cloud86.eu,1
Nameserver,ns219.hostgator.com.br,1
Nameserver,ns218.hostgator.com.br,1
Nameserver,ns1.iceconsultingltd.com,1
Nameserver,ns2.iceconsultingltd.com,1
Nameserver,bdw1.linkhostbd.com,1
Nameserver,bdw2.linkhostbd.com,1
Nameserver,dns1.webpresence.pt,1
Nameserver,dns2.webpresence.pt,1
Nameserver,ns50.webrserver.com,1
Nameserver,ns51.webrserver.com,1
Nameserver,cosmin.ns.cloudflare.com,1
Nameserver,ns1085.ui-dns.com,1
Nameserver,dns4.networkprotected.net,1
Nameserver,dns3.networkprotected.net,1
Nameserver,wns94.hostgator.com,1
Nameserver,wns93.hostgator.com,1
Nameserver,ns1052.ui-dns.biz,1
Nameserver,ns1080.ui-dns.biz,1
Nameserver,ns1046.ui-dns.biz,1
Nameserver,ns2.bearpunchllc.com,1
Nameserver,ns1.bearpunchllc.com,1
Nameserver,carla.ns.cloudflare.com,1
Nameserver,ns2.milesmx.com,1
Nameserver,ns1.milesmx.com,1
Nameserver,ns2.druknet.bt,1
Nameserver,ns1.druknet.bt,1
Nameserver,ns1070.ui-dns.de,1
Nameserver,ns1111.ui-dns.de,1
Nameserver,ns1022.ui-dns.org,1
Nameserver,ns1114.ui-dns.biz,1
Nameserver,ns2.webglobe.cz,1
Nameserver,ns3.webglobe.com,1
Nameserver,ns1.webglobe.cz,1
Nameserver,dns3.webbest.com.br,1
Nameserver,dns1.webbest.com.br,1
Nameserver,dns2.webbest.com.br,1
Nameserver,dns4.webbest.com.br,1
Nameserver,ns8042.hostgator.com,1
Nameserver,ns8041.hostgator.com,1
Nameserver,ns1101.ui-dns.de,1
Nameserver,ns1087.ui-dns.de,1
Nameserver,ns207.prodns.com.br,1
Nameserver,ns206.prodns.com.br,1
Nameserver,ns4.simply.com,1
Nameserver,dns2.haisoft.net,1
Nameserver,ds575.haisoft.net,1
Nameserver,dns4.dnscloudserver.com,1
Nameserver,dns3.dnscloudserver.com,1
Nameserver,ns1.ziohosting.com.br,1
Nameserver,ns2.ziohosting.com.br,1
Nameserver,docks17.rzone.de,1
Nameserver,ns914.hostgator.com.br,1
Nameserver,ns915.hostgator.com.br,1
Nameserver,ns1.kitsilanohosting.com,1
Nameserver,ns2.kitsilanohosting.com,1
Nameserver,ns408.websitewelcome.com,1
Nameserver,ns407.websitewelcome.com,1
Nameserver,ns5311.webempresa.eu,1
Nameserver,ns5312.webempresa.eu,1
Nameserver,ns5.tenten.vn,1
Nameserver,ns4.tenten.vn,1
Nameserver,ns6.tenten.vn,1
Nameserver,ns.vas-hosting.cz,1
Nameserver,ns.vas-hosting.com,1
Nameserver,ns.vas-hosting.eu,1
Nameserver,ns85a.turnkeywebspace.net,1
Nameserver,ns85b.turnkeywebspace.net,1
Nameserver,ns1122.ui-dns.com,1
Nameserver,ns1058.ui-dns.de,1
Nameserver,keanu.ns.cloudflare.com,1
Nameserver,ns1058.ui-dns.biz,1
Nameserver,agustin.ns.cloudflare.com,1
Nameserver,ns-1815.awsdns-34.co.uk,1
Nameserver,ns-190.awsdns-23.com,1
Nameserver,ns-1446.awsdns-52.org,1
Nameserver,ns-732.awsdns-27.net,1
Nameserver,ns3.webecs.com,1
Nameserver,ns4.webecs.com,1
Nameserver,ns1021.ui-dns.org,1
Nameserver,ns1032.ui-dns.biz,1
Nameserver,ns2.ssconsultings.com.na,1
Nameserver,ns1.ssconsultings.com.na,1
Nameserver,ns1067.ui-dns.org,1
Nameserver,ns8097.hostgator.com,1
Nameserver,ns8098.hostgator.com,1
Nameserver,ns8010.hostgator.com,1
Nameserver,ns8009.hostgator.com,1
Nameserver,ns-126-a.gandi.net,1
Nameserver,ns-51-c.gandi.net,1
Nameserver,ns-240-b.gandi.net,1
Nameserver,ns113.yourwebhosting.net,1
Nameserver,ns114.yourwebhosting.net,1
Nameserver,ns399.hostgator.com.br,1
Nameserver,ns398.hostgator.com.br,1
Nameserver,ns1.dream-cyber.com,1
Nameserver,ns2.dream-cyber.com,1
Nameserver,ns4.melbourneit.net,1
Nameserver,ns2.melbourneit.net,1
Nameserver,ns3.melbourneit.net,1
Nameserver,ns1.melbourneit.net,1
Nameserver,ns1030.ui-dns.org,1
Nameserver,ns2.asoshared.com,1
Nameserver,ns1.asoshared.com,1
Nameserver,ns3.cawadhosting.net,1
Nameserver,ns4.cawadhosting.net,1
Nameserver,ns2.cawadhosting.net,1
Nameserver,ns1.cawadhosting.net,1
Nameserver,dns2.site5.com,1
Nameserver,dns.site5.com,1
Nameserver,ns1088.ui-dns.org,1
Nameserver,ns8206.hostgator.com,1
Nameserver,ns8205.hostgator.com,1
Nameserver,ns8287.hostgator.com,1
Nameserver,ns8288.hostgator.com,1
Nameserver,ns1.lipowered.net,1
Nameserver,ns2.lipowered.net,1
Nameserver,ns8458.hostgator.com,1
Nameserver,ns8457.hostgator.com,1
Nameserver,ns2.wolet.lt,1
Nameserver,ns3.wolet.lt,1
Nameserver,ns1.wolet.lt,1
Nameserver,ns4.wolet.lt,1
Nameserver,dns1.xmarthost.com,1
Nameserver,dns2.xmarthost.com,1
Nameserver,ns81.host.com.pk,1
Nameserver,ns82.host.com.pk,1
Nameserver,ns53.be,1
Nameserver,ns53.io,1
Nameserver,ns1042.ui-dns.org,1
Nameserver,ns1019.ui-dns.de,1
Nameserver,ns1018.ui-dns.biz,1
Nameserver,ns1061.ui-dns.de,1
Nameserver,ns821.hostgator.com.br,1
Nameserver,ns820.hostgator.com.br,1
Nameserver,ns1087.hostgator.com.br,1
Nameserver,ns1086.hostgator.com.br,1
Nameserver,ns6070.hostgator.com,1
Nameserver,ns6069.hostgator.com,1
Nameserver,ns8488.hostgator.com,1
Nameserver,ns8487.hostgator.com,1
Nameserver,ns1092.ui-dns.biz,1
Nameserver,ns1078.ui-dns.de,1
Nameserver,ns1032.ui-dns.org,1
Nameserver,ns1124.ui-dns.com,1
Nameserver,ns4007.hostgator.com,1
Nameserver,ns4008.hostgator.com,1
Nameserver,ns1109.ui-dns.com,1
Nameserver,ns1121.ui-dns.de,1
Nameserver,shades15.rzone.de,1
Nameserver,ns1.bh-42.webhostbox.net,1
Nameserver,ns2.bh-42.webhostbox.net,1
Nameserver,ns2.whois.com,1
Nameserver,ns4.whois.com,1
Nameserver,ns3.whois.com,1
Nameserver,ns1.whois.com,1
Nameserver,ns1041.ui-dns.org,1
Nameserver,pluto.doctorhoster.com,1
Nameserver,mars.doctorhoster.com,1
Nameserver,ns1.iabienes.com,1
Nameserver,ns2.iabienes.com,1
Nameserver,docks16.rzone.de,1
Nameserver,ns3.areait.lv,1
Nameserver,ns2.areait.lv,1
Nameserver,ns1.areait.lv,1
Nameserver,ns1.grupoloading.com,1
Nameserver,ns3.grupoloading.com,1
Nameserver,ns2.grupoloading.com,1
Nameserver,ns1018.hostgator.com.br,1
Nameserver,ns1019.hostgator.com.br,1
Nameserver,carol.ns.cloudflare.com,1
Nameserver,ns00044.hostgator.com.br,1
Nameserver,ns00045.hostgator.com.br,1
Nameserver,ns2.achy.com.br,1
Nameserver,ns1.achy.com.br,1
Nameserver,ns44.kreativmedia.ch,1
Nameserver,ns43.kreativmedia.ch,1
Nameserver,ns2.srvhr.com.br,1
Nameserver,ns3.srvhr.com.br,1
Nameserver,ns1.srvhr.com.br,1
Nameserver,ns26.worldnic.com,1
Nameserver,ns25.worldnic.com,1
Nameserver,ns2.startlogic.com,1
Nameserver,ns1.startlogic.com,1
Nameserver,phoenix.ns.cloudflare.com,1
Nameserver,ns1075.ui-dns.de,1
Nameserver,ns1075.ui-dns.com,1
Nameserver,ns11.hostgator.co,1
Nameserver,ns10.hostgator.co,1
Nameserver,ns1.cp-19.webhostbox.net,1
Nameserver,ns2.cp-19.webhostbox.net,1
Nameserver,ns2.dnshostservices.com,1
Nameserver,ns1.dnshostservices.com,1
Nameserver,ns4.dnshostservices.com,1
Nameserver,ns3.dnshostservices.com,1
Nameserver,dns2.fonetechworld.com,1
Nameserver,dns1.fonetechworld.com,1
Nameserver,b.24.ie,1
Nameserver,a.24.ie,1
Nameserver,ns1126.ui-dns.org,1
Nameserver,ns2.dns-stock.com,1
Nameserver,ns3.vo.lu,1
Nameserver,ns1.dns-stock.com,1
Nameserver,nsb2.squarespacedns.com,1
Nameserver,nsb1.squarespacedns.com,1
Nameserver,nsb4.squarespacedns.com,1
Nameserver,nsb3.squarespacedns.com,1
Nameserver,dns014.c.register.com,1
Nameserver,dns049.b.register.com,1
Nameserver,dns073.a.register.com,1
Nameserver,dns177.d.register.com,1
Nameserver,ns1.inleed.net,1
Nameserver,ns6.inleed.net,1
Nameserver,ns4.inleed.net,1
Nameserver,ns5.inleed.net,1
Nameserver,ns3.inleed.net,1
Nameserver,ns2.inleed.net,1
Nameserver,ns1095.ui-dns.com,1
Nameserver,ns1065.ui-dns.org,1
Nameserver,ns8309.hostgator.com,1
Nameserver,ns8310.hostgator.com,1
Nameserver,jack.ns.cloudflare.com,1
Nameserver,ns5.secure-ssl-server.net,1
Nameserver,ns4.secure-ssl-server.net,1
Nameserver,parking1.whc.ca,1
Nameserver,parking2.whc.ca,1
Nameserver,ns1029.ui-dns.biz,1
Nameserver,ns2.webspacekit.com,1
Nameserver,ns1.webspacekit.com,1
Nameserver,ns1104.ui-dns.org,1
Nameserver,nspro47.hostgator.com.br,1
Nameserver,nspro46.hostgator.com.br,1
Nameserver,ns1.gss-p.com,1
Nameserver,ns2.gss-p.com,1
Nameserver,natasha.ns.cloudflare.com,1
Nameserver,ns42.infomaniak.com,1
Nameserver,ns41.infomaniak.com,1
Nameserver,ns2.sharehost.com.br,1
Nameserver,ns1.sharehost.com.br,1
Nameserver,ns42.qservers.net,1
Nameserver,ns42.qserverscloud.com,1
Nameserver,ns41.qserverscloud.com,1
Nameserver,ns41.qservers.net,1
Nameserver,ns1123.ui-dns.biz,1
Nameserver,ns1113.ui-dns.org,1
Nameserver,ns1027.ui-dns.org,1
Nameserver,ns.ui-global-dns.de,1
Nameserver,ns.ui-global-dns.com,1
Nameserver,ns.ui-global-dns.biz,1
Nameserver,ns.ui-global-dns.org,1
Nameserver,ns1.nursing2day.com,1
Nameserver,ns2.nursing2day.com,1
Nameserver,ns2.cp3.sh15.net,1
Nameserver,ns1.cp3.sh15.net,1
Nameserver,pdns02.domaincontrol.com,1
Nameserver,pdns01.domaincontrol.com,1
Nameserver,third-dns.netcup.net,1
Nameserver,root-dns.netcup.net,1
Nameserver,second-dns.netcup.net,1
Nameserver,sns414.hostgator.in,1
Nameserver,sns413.hostgator.in,1
Nameserver,ns1122.ui-dns.biz,1
Nameserver,ns1020.ui-dns.com,1
Nameserver,ns1094.ui-dns.org,1
Nameserver,ns4.hosting-cloud.net,1
Nameserver,ns3.hosting-cloud.net,1
Nameserver,ns2.hosting-cloud.net,1
Nameserver,ns1.hosting-cloud.net,1
Nameserver,ns2.inet.vn,1
Nameserver,ns1.inet.vn,1
Nameserver,ns2.bh-74.webhostbox.net,1
Nameserver,ns1.bh-74.webhostbox.net,1
Nameserver,ns2.anony.nl,1
Nameserver,ns3.anony.eu,1
Nameserver,ns1.anony.nl,1
Nameserver,lisa.ns.cloudflare.com,1
Nameserver,ns2.cubicadns.com,1
Nameserver,ns1.cubicadns.com,1
Nameserver,elliot.ns.cloudflare.com,1
Nameserver,ns10.ancbd.com,1
Nameserver,ns9.ancbd.com,1
Nameserver,cullen.ns.cloudflare.com,1
Nameserver,ns3.kheweul.net,1
Nameserver,ns2.kheweul.net,1
Nameserver,ns1.kheweul.net,1
Nameserver,ns4.kheweul.net,1
Nameserver,ns1.aasoftdns.com,1
Nameserver,ns3.aasoftdns.com,1
Nameserver,ns4.aasoftdns.com,1
Nameserver,ns2.aasoftdns.com,1
Nameserver,sns401.bigrock.com,1
Nameserver,sns402.bigrock.com,1
Nameserver,ns8931.banahosting.com,1
Nameserver,ns8930.banahosting.com,1
Nameserver,cp2.therightservers.com,1
Nameserver,cp3.therightservers.com,1
Nameserver,cp1.therightservers.com,1
Nameserver,cp4.therightservers.com,1
Nameserver,ns1096.ui-dns.com,1
Nameserver,ns2.camoogroup.com,1
Nameserver,ns1.camoogroup.com,1
Nameserver,ns1.cp-ht-11.webhostbox.net,1
Nameserver,ns2.cp-ht-11.webhostbox.net,1
Nameserver,ns1091.ui-dns.org,1
Nameserver,ns1067.ui-dns.biz,1
Nameserver,ns1048.ui-dns.de,1
Nameserver,ns111.mschosting.com,1
Nameserver,ns112.mschosting.com,1
Nameserver,ns1031.ui-dns.biz,1
Nameserver,ns2.djitumax.com,1
Nameserver,ns1.djitumax.com,1
Nameserver,ns8392.hostgator.com,1
Nameserver,ns8391.hostgator.com,1
Nameserver,shades12.rzone.de,1
Nameserver,docks02.rzone.de,1
Nameserver,ns1.tera.com.sa,1
Nameserver,ns2.tera.com.sa,1
Nameserver,ruben.ns.cloudflare.com,1
Nameserver,ns3.easyhost.be,1
Nameserver,ns1.easyhost.be,1
Nameserver,ns2.easyhost.be,1
Nameserver,ns67.hostgator.mx,1
Nameserver,ns66.hostgator.mx,1
Nameserver,ns60.worldnic.com,1
Nameserver,ns59.worldnic.com,1
Nameserver,jose.ns.cloudflare.com,1
Nameserver,ns109.hostgator.mx,1
Nameserver,ns108.hostgator.mx,1
Nameserver,ns8.777servers.com,1
Nameserver,ns7.777servers.com,1
Nameserver,ns1041.ui-dns.de,1
Nameserver,ns1030.ui-dns.biz,1
Nameserver,ns6815.hostgator.com,1
Nameserver,ns6816.hostgator.com,1
Nameserver,dorthy.ns.cloudflare.com,1
Nameserver,ns1039.ui-dns.com,1
Nameserver,ns2.iseek.host,1
Nameserver,ns1.iseek.host,1
Nameserver,ns8610.hostgator.com,1
Nameserver,ns8609.hostgator.com,1
Nameserver,ns7061.banahosting.com,1
Nameserver,ns7062.banahosting.com,1
Nameserver,ganz.ns.cloudflare.com,1
Nameserver,ns1102.ui-dns.org,1
Nameserver,ns1104.ui-dns.com,1
Nameserver,ns1049.ui-dns.de,1
Nameserver,ns1.websitemudah.com,1
Nameserver,ns2.websitemudah.com,1
Nameserver,ns4.vinahost.vn,1
Nameserver,ns3.vinahost.vn,1
Nameserver,ns2.gazduire.net,1
Nameserver,ns1.gazduire.net,1
Nameserver,th238.ruk-com.in.th,1
Nameserver,vth238.ruk-com.in.th,1
Nameserver,ns2.veridyen.com,1
Nameserver,ns1.veridyen.com,1
Nameserver,ns1096.ui-dns.biz,1
Nameserver,ns.interamedia.es,1
Nameserver,ns2.interamedia.es,1
Nameserver,ns104.ovh.net,1
Nameserver,dns104.ovh.net,1
Nameserver,uma.ns.cloudflare.com,1
Nameserver,ssd7-cpanel.vhosting-it.com,1
Nameserver,ns1126.ui-dns.biz,1
Nameserver,ns1123.ui-dns.com,1
Nameserver,ns-1492.awsdns-58.org,1
Nameserver,ns-335.awsdns-41.com,1
Nameserver,ns-969.awsdns-57.net,1
Nameserver,ns-1733.awsdns-24.co.uk,1
Nameserver,ns835.hostgator.com.br,1
Nameserver,ns834.hostgator.com.br,1
Nameserver,ns2-ultra2.ahwebhost.com,1
Nameserver,ns1-ultra2.ahwebhost.com,1
Nameserver,ns11.mxch.net,1
Nameserver,ns7.mxch.net,1
Nameserver,ns8.mxch.net,1
Nameserver,mack.ns.cloudflare.com,1
Nameserver,ns2.server-78-159-111-199.da.direct,1
Nameserver,ns1.server-78-159-111-199.da.direct,1
Nameserver,ns1.sherlockhost.co.uk,1
Nameserver,ns2.sherlockhost.co.uk,1
Nameserver,ns1078.ui-dns.com,1
Nameserver,ns-649.awsdns-17.net,1
Nameserver,ns-1743.awsdns-25.co.uk,1
Nameserver,ns-1377.awsdns-44.org,1
Nameserver,ns-272.awsdns-34.com,1
Nameserver,ns3.dmsolutions.de,1
Nameserver,ns4.dmsolutions.de,1
Nameserver,ns1.dmsolutions.de,1
Nameserver,ns2.dmsolutions.de,1
Nameserver,shades13.rzone.de,1
Nameserver,ns1.tito.staydns.com,1
Nameserver,ns2.tito.staydns.com,1
Nameserver,ns4.cloudez.io,1
Nameserver,ns3.cloudez.io,1
Nameserver,ns1.cloudez.io,1
Nameserver,ns2.cloudez.io,1
Nameserver,ns5.cloudez.io,1
Nameserver,ns-1992.awsdns-57.co.uk,1
Nameserver,ns-1231.awsdns-25.org,1
Nameserver,ns-563.awsdns-06.net,1
Nameserver,ns-816.awsdns-38.net,1
Nameserver,ns-398.awsdns-49.com,1
Nameserver,ns-1692.awsdns-19.co.uk,1
Nameserver,ns-1033.awsdns-01.org,1
Nameserver,ns467.hostgator.com.br,1
Nameserver,ns466.hostgator.com.br,1
Nameserver,ns1111.ui-dns.org,1
Nameserver,ns6079.hostgator.com,1
Nameserver,ns6080.hostgator.com,1
Nameserver,ns971.hostgator.com.br,1
Nameserver,ns970.hostgator.com.br,1
Nameserver,ns2.syd3.hostyourservices.net,1
Nameserver,ns1.syd3.hostyourservices.net,1
Nameserver,us.ns04-bbcstudios.com,1
Nameserver,aus.ns04-bbcstudios.com,1
Nameserver,eu.ns04-bbcstudios.com,1
Nameserver,asia.ns04-bbcstudios.com,1
Nameserver,dns2022b.trouble-free.net,1
Nameserver,dns2022a.trouble-free.net,1
Nameserver,dns5.gov.tt,1
Nameserver,ns1.caribbeanwebhost.net,1
Nameserver,dns6.gov.tt,1
Nameserver,dns8.gov.tt,1
Nameserver,ns2.caribbeanwebhost.net,1
Nameserver,dns7.gov.tt,1
Nameserver,ns1.aplicativoscuritiba.com.br,1
Nameserver,ns2.aplicativoscuritiba.com.br,1
Nameserver,ns115.my-control-panel.com,1
Nameserver,ns116.my-control-panel.com,1
Nameserver,ns2.syd2.hostyourservices.net,1
Nameserver,ns1.syd2.hostyourservices.net,1
Nameserver,nspro79.hostgator.com.br,1
Nameserver,nspro78.hostgator.com.br,1
Nameserver,ns2.migueldigital.site,1
Nameserver,ns1.migueldigital.site,1
Nameserver,ns3.wixdns.net,1
Nameserver,ns2.wixdns.net,1
Nameserver,ns2671.hostgator.com,1
Nameserver,ns2672.hostgator.com,1
Nameserver,ns141.servertown.ch,1
Nameserver,ns142.servertown.ch,1
Nameserver,ns1079.ui-dns.com,1
Nameserver,ns1114.ui-dns.de,1
Nameserver,ns1070.ui-dns.biz,1
Nameserver,dns4.p02.nsone.net,1
Nameserver,dns3.p02.nsone.net,1
Nameserver,dns2.p02.nsone.net,1
Nameserver,dns1.p02.nsone.net,1
Nameserver,ns143.name-servers.gr,1
Nameserver,ns144.name-servers.gr,1
Nameserver,ns921.hostgator.com.br,1
Nameserver,ns920.hostgator.com.br,1
Nameserver,ns223.jubileewebhost.com,1
Nameserver,ns221.jubileewebhost.com,1
Nameserver,ns222.jubileewebhost.com,1
Nameserver,ns220.jubileewebhost.com,1
Nameserver,ns105.hostgator.mx,1
Nameserver,ns104.hostgator.mx,1
Nameserver,ns2.cronos-painel.com,1
Nameserver,ns3.cronos-painel.com,1
Nameserver,ns1.cronos-painel.com,1
Nameserver,ns61.constellix.net,1
Nameserver,ns21.constellix.com,1
Nameserver,ns31.constellix.com,1
Nameserver,ns51.constellix.net,1
Nameserver,ns11.constellix.com,1
Nameserver,ns41.constellix.net,1
Nameserver,ns1.de.opalstack.com,1
Nameserver,ns2.de.opalstack.com,1
Nameserver,ns3.de.opalstack.com,1
Nameserver,ns982.hostgator.com.br,1
Nameserver,ns983.hostgator.com.br,1
Nameserver,cass.ns.cloudflare.com,1
Nameserver,ns2.amenworld.com,1
Nameserver,ns1.amenworld.com,1
Nameserver,nspro59.hostgator.com.br,1
Nameserver,nspro58.hostgator.com.br,1
Nameserver,ns1.1channelworld.xyz,1
Nameserver,ns2.1channelworld.xyz,1
Nameserver,ns1085.ui-dns.biz,1
Nameserver,suzanne.ns.cloudflare.com,1
Nameserver,ns14.hitechosting.co.uk,1
Nameserver,ns11.hitechosting.co.uk,1
Nameserver,ns13.hitechosting.co.uk,1
Nameserver,ns12.hitechosting.co.uk,1
Nameserver,ns43.doveserver.com,1
Nameserver,ns44.doveserver.com,1
Nameserver,ns451.hostgator.com.br,1
Nameserver,ns450.hostgator.com.br,1
Nameserver,dns1.onamae-expired.com,1
Nameserver,dns2.onamae-expired.com,1
Nameserver,ns1106.ui-dns.org,1
Nameserver,ns1068.ui-dns.biz,1
Nameserver,ns-809.awsdns-37.net,1
Nameserver,ns-104.awsdns-13.com,1
Nameserver,ns-1914.awsdns-47.co.uk,1
Nameserver,ns20.digicertdns.com,1
Nameserver,ns25.digicertdns.net,1
Nameserver,ns24.digicertdns.net,1
Nameserver,ns22.digicertdns.com,1
Nameserver,ns23.digicertdns.net,1
Nameserver,ns21.digicertdns.com,1
Nameserver,cpns1.turhost.com,1
Nameserver,cpns2.turhost.com,1
Nameserver,ns1.cp-35.webhostbox.net,1
Nameserver,ns2.cp-35.webhostbox.net,1
Nameserver,ns-1227.awsdns-25.org,1
Nameserver,ns-1609.awsdns-09.co.uk,1
Nameserver,ns-543.awsdns-03.net,1
Nameserver,ns-394.awsdns-49.com,1
Nameserver,rns15.webhostbox.net,1
Nameserver,rns16.webhostbox.net,1
Nameserver,cns283.hostgator.com,1
Nameserver,cns284.hostgator.com,1
Nameserver,ns1.br.enduranceserver.com.br,1
Nameserver,ns2.br.enduranceserver.com.br,1
Nameserver,ns3.instradns.com,1
Nameserver,ns1.instradns.com,1
Nameserver,ns2.instradns.com,1
Nameserver,ns1.crystalwebhosting.com,1
Nameserver,ns2.crystalwebhosting.com,1
Nameserver,ns1.cespl.co.in,1
Nameserver,ns2.cespl.co.in,1
Nameserver,ns1051.ui-dns.org,1
Nameserver,dns1.afeeshost.ltd,1
Nameserver,dns3.afeeshost.com,1
Nameserver,dns2.afeeshost.ltd,1
Nameserver,ns1.powweb.com,1
Nameserver,ns2.powweb.com,1
Nameserver,odin.ns.cloudflare.com,1
Nameserver,ns2.hostxion.com,1
Nameserver,ns1.hostxion.com,1
Nameserver,ns2.hostingmadeeasy.com,1
Nameserver,ns.hostingmadeeasy.com,1
Nameserver,ns4.hostingmadeeasy.com,1
Nameserver,ns3.hostingmadeeasy.com,1
Nameserver,dns4.fastdns24.link,1
Nameserver,dns2.fastdns24.org,1
Nameserver,dns3.fastdns24.eu,1
Nameserver,dns.fastdns24.com,1
Nameserver,ns19.prodns.mx,1
Nameserver,ns18.prodns.mx,1
Nameserver,ns1.max1.cloud,1
Nameserver,ns2.max1.cloud,1
Nameserver,ns23.inhostedns.net,1
Nameserver,ns33.inhostedns.org,1
Nameserver,ns13.inhostedns.com,1
Nameserver,leonida.vhosting-it.com,1
Nameserver,margot.ns.cloudflare.com,1
Nameserver,ns3.spaceweb.pro,1
Nameserver,ns4.spaceweb.pro,1
Nameserver,ns2.spaceweb.ru,1
Nameserver,ns1.spaceweb.ru,1
Nameserver,shades19.rzone.de,1
Nameserver,ns21.hostgator.co,1
Nameserver,ns20.hostgator.co,1
Nameserver,ns1.servhost.com.br,1
Nameserver,ns3.servhost.com.br,1
Nameserver,ns2.servhost.com.br,1
Nameserver,ns1090.ui-dns.de,1
Nameserver,ns1090.ui-dns.org,1
Nameserver,ns1099.ui-dns.org,1
Nameserver,ns1117.ui-dns.biz,1
Nameserver,ns1053.ui-dns.biz,1
Nameserver,ns6179.hostgator.com,1
Nameserver,ns6180.hostgator.com,1
Nameserver,ns1.namebrightdns.com,1
Nameserver,ns2.namebrightdns.com,1
Nameserver,ns2.webway.host,1
Nameserver,ns1.webway.host,1
Nameserver,ns725.hostgator.com.br,1
Nameserver,ns724.hostgator.com.br,1
Nameserver,qdr.es,1
Nameserver,ns2.extremhost.net,1
Nameserver,ns3.extremhost.net,1
Nameserver,ns1.extremhost.net,1
Nameserver,ns4.extremhost.net,1
Nameserver,ns1018.ui-dns.org,1
Nameserver,ns2.pixmedia.site,1
Nameserver,ns1.pixmedia.site,1
Nameserver,maeve.ns.cloudflare.com,1
Nameserver,ns1.ratan-sajan.com,1
Nameserver,ns2.ratan-sajan.com,1
Nameserver,ns1.reachneighborsintl.org,1
Nameserver,ns2.reachneighborsintl.org,1
Nameserver,ns1.hostingww.com,1
Nameserver,ns3.hostingww.com,1
Nameserver,ns2.hostingww.com,1
Nameserver,dns3.bigrock.in,1
Nameserver,dns2.bigrock.in,1
Nameserver,dns4.bigrock.in,1
Nameserver,dns1.bigrock.in,1
Nameserver,ns2.ukwebsolutionsdirect.com,1
Nameserver,ns1.ukwebsolutionsdirect.com,1
Nameserver,ns2.nextgenpng.net,1
Nameserver,ns1.nextgenpng.net,1
Nameserver,ns1088.ui-dns.biz,1
Nameserver,ns1025.ui-dns.de,1
Nameserver,ns2.g10.cfdns.biz,1
Nameserver,ns3.g10.cfdns.info,1
Nameserver,ns1.g10.cfdns.net,1
Nameserver,ns4.g10.cfdns.co.uk,1
Nameserver,ns10.cajanegra.cloud,1
Nameserver,ns20.cajanegra.cloud,1
Nameserver,ns1097.ui-dns.de,1
Nameserver,ns1091.ui-dns.com,1
Nameserver,ns1.webhoster.pk,1
Nameserver,ns2.webhoster.pk,1
Nameserver,ns18.hostinghome.net,1
Nameserver,ns17.hostinghome.net,1
Nameserver,ns493.hostgator.com.br,1
Nameserver,ns492.hostgator.com.br,1
Nameserver,ns1023.ui-dns.biz,1
Nameserver,ns12.d9hosting.com,1
Nameserver,ns11.d9hosting.com,1
Nameserver,ns743.websitewelcome.com,1
Nameserver,ns744.websitewelcome.com,1
Nameserver,ns1.md-in-55.bigrockservers.com,1
Nameserver,ns2.md-in-55.bigrockservers.com,1
Nameserver,ns2.sqr.domains,1
Nameserver,ns3.sqr.cloud,1
Nameserver,ns1.sqr.nl,1
Nameserver,ns1063.ui-dns.org,1
Nameserver,sp1.serverplanet.in,1
Nameserver,sp2.serverplanet.in,1
Nameserver,dns75151.phdns13.es,1
Nameserver,ns75151.phdns13.es,1
Nameserver,ns150.aeserver.com,1
Nameserver,ns151.aeserver.com,1
Nameserver,asa.ns.cloudflare.com,1
Nameserver,ns320.hostgator.com.br,1
Nameserver,ns321.hostgator.com.br,1
Nameserver,ns1076.ui-dns.de,1
Nameserver,cdns.ovh.net,1
Nameserver,ns3118684.ip-5-135-143.eu,1
Nameserver,ns81.worldnic.com,1
Nameserver,ns82.worldnic.com,1
Nameserver,ns11.desgate.com,1
Nameserver,ns12.desgate.com,1
Nameserver,ns897.hostgator.com.br,1
Nameserver,ns896.hostgator.com.br,1
Nameserver,ns1082.ui-dns.com,1
Nameserver,dns1.sellingmtl.com,1
Nameserver,dns2.sellingmtl.com,1
Nameserver,atom.xtrahosting.co.za,1
Nameserver,neutron.xtrahosting.co.za,1
Nameserver,electron.xtrahosting.co.za,1
Nameserver,amber.ns.cloudflare.com,1
Nameserver,ns.theory7.nl,1
Nameserver,ns.theory7.eu,1
Nameserver,ns.theory7.net,1
Nameserver,ns2.mihnns.com,1
Nameserver,ns1.mihnns.com,1
Nameserver,ns709.hostgator.com.br,1
Nameserver,ns708.hostgator.com.br,1
Nameserver,rs71a.registrar-servers.com,1
Nameserver,rs71b.registrar-servers.com,1
Nameserver,ns1066.ui-dns.org,1
Nameserver,ns958.hostgator.com.br,1
Nameserver,ns959.hostgator.com.br,1
Nameserver,ns1.hostcry.com,1
Nameserver,ns2.hostcry.com,1
Nameserver,ns2.hostserv.co.za,1
Nameserver,ns1.hostserv.co.za,1
Nameserver,ns2.letusdesign.cloud,1
Nameserver,ns1.letusdesign.cloud,1
Nameserver,ns1.domaindiscover.com,1
Nameserver,ns2.domaindiscover.com,1
Nameserver,gerardo.ns.cloudflare.com,1
Nameserver,ns1.vps9571.zxcs.nl,1
Nameserver,ns2.vps9571.zxcs.nl,1
Nameserver,ns1.whc.ca,1
Nameserver,ns2.whc.ca,1
Nameserver,ns3.whc.ca,1
Nameserver,ns2.webhost66.com,1
Nameserver,ns1.webhost66.com,1
Nameserver,bd1.blubirdinteractive.biz,1
Nameserver,bd2.blubirdinteractive.biz,1
Nameserver,dns1.triara.com,1
Nameserver,dns3.triara.com,1
Nameserver,dns2.triara.com,1
Nameserver,ns1.guiabem.com.br,1
Nameserver,ns2.guiabem.com.br,1
Nameserver,jobs.ns.cloudflare.com,1
Nameserver,celeste.ns.cloudflare.com,1
Nameserver,kevin.quicns.org,1
Nameserver,ns14.dhakaitclub.com,1
Nameserver,ns15.dhakaitclub.com,1
Nameserver,alfred.dnspod.net,1
Nameserver,linesman.dnspod.net,1
Nameserver,ns1.namesrv.ch,1
Nameserver,ns3.namesrv.io,1
Nameserver,ns2.namesrv.net,1
Nameserver,ns6134.hostgator.com,1
Nameserver,ns6133.hostgator.com,1
Nameserver,rns23.neoserv.si,1
Nameserver,rns24.neoserv.si,1
Nameserver,mariah.ns.cloudflare.com,1
Nameserver,ns2.ghpanel.com,1
Nameserver,ns1.ghpanel.com,1
Nameserver,ns3.raidboxes.net,1
Nameserver,ns1.raidboxes.net,1
Nameserver,ns2.raidboxes.net,1
Nameserver,ns4.raidboxes.net,1
Nameserver,ns61.1and1.fr,1
Nameserver,ns62.1and1.fr,1
Nameserver,ns8163.hostgator.com,1
Nameserver,ns8164.hostgator.com,1
Nameserver,ns1037.ui-dns.de,1
Nameserver,ns1110.ui-dns.com,1
Nameserver,ns1.bh-64.webhostbox.net,1
Nameserver,ns2.bh-64.webhostbox.net,1
Nameserver,ns1.sagarhosting.com,1
Nameserver,ns2.sagarhosting.com,1
Nameserver,ns2.bh-ht-9.webhostbox.net,1
Nameserver,ns1.bh-ht-9.webhostbox.net,1
Nameserver,ns1074.ui-dns.org,1
Nameserver,rns4.webhostbox.net,1
Nameserver,rns3.webhostbox.net,1
Nameserver,ns5.tasjeel.ae,1
Nameserver,ns6.tasjeel.ae,1
Nameserver,ns2.itpro1.fcomet.com,1
Nameserver,ns1.itpro1.fcomet.com,1
Nameserver,ns6623.hostgator.com,1
Nameserver,ns6624.hostgator.com,1
Nameserver,ns1046.ui-dns.de,1
Nameserver,ns1069.ui-dns.org,1
Nameserver,shades03.rzone.de,1
Nameserver,auth01.dns.trueserver.nl,1
Nameserver,auth02.dns.trueserver.nl,1
Nameserver,auth03.dns.trueserver.nl,1
Nameserver,ns3.habari.co.tz,1
Nameserver,ns2.habari.co.tz,1
Nameserver,whns1.colosseum.ca,1
Nameserver,whns2.colosseum.ca,1
Nameserver,ns1.dns-suspended.com,1
Nameserver,ns2.dns-suspended.com,1
Nameserver,ns3.wpx.ne.jp,1
Nameserver,ns2.wpx.ne.jp,1
Nameserver,ns1.wpx.ne.jp,1
Nameserver,ns2.hostsg.com,1
Nameserver,ns3.hostsg.com,1
Nameserver,ns.hostsg.com,1
Nameserver,ns1027.ui-dns.de,1
Nameserver,dns38.servidoresdns.net,1
Nameserver,dns37.servidoresdns.net,1
Nameserver,nsn1.mijndomein.nl,1
Nameserver,nsn2.mijndomein.nl,1
Nameserver,ns2.dnsnuts.com,1
Nameserver,ns1.dnsnuts.com,1
Nameserver,ns1054.ui-dns.biz,1
Nameserver,ns1113.ui-dns.de,1
Nameserver,ns1038.ui-dns.biz,1
Nameserver,ns1038.ui-dns.org,1
Nameserver,ns02.hkdns.host,1
Nameserver,ns01.hkdns.host,1
Nameserver,ns1.hebergement-cpanel.com,1
Nameserver,ns2.hebergement-cpanel.com,1
Nameserver,ns4251.hostgator.com,1
Nameserver,ns4252.hostgator.com,1
Nameserver,ns1090.ui-dns.com,1
Nameserver,ns2.iphost.gr,1
Nameserver,ns3.iphost.gr,1
Nameserver,ns1.iphost.gr,1
Nameserver,ns4.iphost.gr,1
Nameserver,ns1026.hostgator.com.br,1
Nameserver,ns1027.hostgator.com.br,1
Nameserver,ns1.servicioti.com,1
Nameserver,ns2.servicioti.com,1
Nameserver,ns-1000.awsdns-61.net,1
Nameserver,ns-449.awsdns-56.com,1
Nameserver,ns-1854.awsdns-39.co.uk,1
Nameserver,ns-1466.awsdns-55.org,1
Nameserver,ns1057.ui-dns.com,1
Nameserver,ns1062.hostgator.com.br,1
Nameserver,ns1063.hostgator.com.br,1
Nameserver,ns2.fixashost.com.br,1
Nameserver,ns1.fixashost.com.br,1
Nameserver,ns2kqz.name.com,1
Nameserver,ns3cfp.name.com,1
Nameserver,ns4lpv.name.com,1
Nameserver,ns1djs.name.com,1
Nameserver,dns3.hu,1
Nameserver,dns1.hu,1
Nameserver,dns2.hu,1
Nameserver,ns1.namhay.com,1
Nameserver,ns2.namhay.com,1
Nameserver,ns571.hostgator.com.br,1
Nameserver,ns570.hostgator.com.br,1
Nameserver,ns2.vcwjes.edu.in,1
Nameserver,ns1.vcwjes.edu.in,1
Nameserver,ns1.vdcjes.edu.in,1
Nameserver,ns2.vdcjes.edu.in,1
Nameserver,ns3.register.be,1
Nameserver,ns1.register.be,1
Nameserver,ns2.register.be,1
Nameserver,ns24.lwsdns.com,1
Nameserver,ns21.lwsdns.com,1
Nameserver,ns23.lwsdns.com,1
Nameserver,ns22.lwsdns.com,1
Nameserver,ns2.puredatahost.com,1
Nameserver,ns1.puredatahost.com,1
Nameserver,ns1.vimjes.edu.in,1
Nameserver,ns2.vimjes.edu.in,1
Nameserver,ns940.hostgator.com.br,1
Nameserver,ns941.hostgator.com.br,1
Nameserver,ns1.hot4hosting.com,1
Nameserver,ns2.hot4hosting.com,1
Nameserver,ns3.hyp.net,1
Nameserver,ns2.hyp.net,1
Nameserver,ns1.hyp.net,1
Nameserver,ns2.vivekanandacolleges.in,1
Nameserver,ns1.vivekanandacolleges.in,1
Nameserver,multidominio-cp1.vhosting-it.com,1
Nameserver,ns0.directnic.com,1
Nameserver,ns2.directnic.com,1
Nameserver,ns3.directnic.com,1
Nameserver,ns1.directnic.com,1
Nameserver,pdns1.dnscpanel.com,1
Nameserver,pdns3.dnscpanel.com,1
Nameserver,pdns2.dnscpanel.com,1
Nameserver,ns2.gofruits.co,1
Nameserver,ns1.gofruits.co,1
Nameserver,ns2.cyberdns.tw,1
Nameserver,ns1.cyberdns.tw,1
Nameserver,pdns07.domaincontrol.com,1
Nameserver,pdns08.domaincontrol.com,1
Nameserver,kayleigh.ns.cloudflare.com,1
Nameserver,ns1044.ui-dns.com,1
Nameserver,ns1107.ui-dns.de,1
Nameserver,ns1034.ui-dns.biz,1
Nameserver,dns15.topsecureservers.com,1
Nameserver,dns14.topsecureservers.com,1
Nameserver,nsdal01.clusterdns.net,1
Nameserver,nssyd01.clusterdns.net,1
Nameserver,nssyd02.clusterdns.net,1
Nameserver,ns1.dojoservers.com,1
Nameserver,ns2.dojoservers.com,1
Nameserver,teagan.ns.cloudflare.com,1
Nameserver,ns47.doveserver.com,1
Nameserver,ns48.doveserver.com,1
Nameserver,lee.ns.click.press,1
Nameserver,edo.ns.click.press,1
Nameserver,afaf.ns.click.press,1
Nameserver,gidi.ns.click.press,1
Nameserver,docks05.rzone.de,1
Nameserver,nspro118.hostgator.com.br,1
Nameserver,nspro119.hostgator.com.br,1
Nameserver,nsplesk16.erahosting.es,1
Nameserver,ns2.compelling-evidence.com,1
Nameserver,ns1.compelling-evidence.com,1
Nameserver,ns2.md-ht-7.hostgatorwebservers.com,1
Nameserver,ns1.md-ht-7.hostgatorwebservers.com,1
Nameserver,weston.ns.cloudflare.com,1
Nameserver,dns1.p03.nsone.net,1
Nameserver,dns2.p03.nsone.net,1
Nameserver,dns3.p03.nsone.net,1
Nameserver,dns4.p03.nsone.net,1
Nameserver,ns2.rcp.net.pe,1
Nameserver,ns.rcp.net.pe,1
Nameserver,ns4.hostname.cl,1
Nameserver,ns2.hostname.cl,1
Nameserver,ns3.hostname.cl,1
Nameserver,ns1.hostname.cl,1
Nameserver,wns2138.hostgator.com,1
Nameserver,wns2137.hostgator.com,1
Nameserver,ns1.server546.iseencloud.com,1
Nameserver,ns2.server222.iseencloud.com,1
Nameserver,ns2.server546.iseencloud.com,1
Nameserver,ns1.server222.iseencloud.com,1
Nameserver,ns1.dominiofaidate.com,1
Nameserver,ns2.dominiofaidate.com,1
Nameserver,ns3.dominiofaidate.com,1
Nameserver,ns4.dominiofaidate.com,1
Nameserver,ns6.dominiofaidate.com,1
Nameserver,ns5.dominiofaidate.com,1
Nameserver,ns1.netregistry.net,1
Nameserver,ns2.netregistry.net,1
Nameserver,ns3.netregistry.net,1
Nameserver,ns-a4.cloud.z.com,1
Nameserver,ns-a1.cloud.z.com,1
Nameserver,ns-a3.cloud.z.com,1
Nameserver,ns2.primelinksweb.com,1
Nameserver,ns1.primelinksweb.com,1
Nameserver,ns1072.ui-dns.biz,1
Nameserver,ns1025.ui-dns.org,1
Nameserver,ns1056.ui-dns.de,1
Nameserver,ns-1340.awsdns-39.org,1
Nameserver,ns-799.awsdns-35.net,1
Nameserver,ns-1829.awsdns-36.co.uk,1
Nameserver,bradley.ns.cloudflare.com,1
Nameserver,ns2.odeaweb.com,1
Nameserver,ns1.odeaweb.com,1
Nameserver,ns1033.ui-dns.com,1
Nameserver,ns1100.ui-dns.biz,1
Nameserver,ns1093.ui-dns.biz,1
Nameserver,ns1047.ui-dns.com,1
Nameserver,ns8523.hostgator.com,1
Nameserver,ns8524.hostgator.com,1
Nameserver,ns1.syd1.hostingplatform.net.au,1
Nameserver,ns2.syd1.hostingplatform.net.au,1
Nameserver,ns252.pathosting.com,1
Nameserver,ns251.pathosting.com,1
Nameserver,simon.ns.cloudflare.com,1
Nameserver,houston.ns.cloudflare.com,1
Nameserver,ns-1396.awsdns-46.org,1
Nameserver,ns-1008.awsdns-62.net,1
Nameserver,ns-296.awsdns-37.com,1
Nameserver,nssyd02.crucial.com.au,1
Nameserver,nssyd01.crucial.com.au,1
Nameserver,nsdal01.crucial.com.au,1
Nameserver,ns8266.hostgator.com,1
Nameserver,ns8265.hostgator.com,1
Nameserver,sandy.ns.cloudflare.com,1
Nameserver,ns134.hostgator.com.br,1
Nameserver,ns135.hostgator.com.br,1
Nameserver,ns2.divulgaabc.com.br,1
Nameserver,ns3.divulgaabc.com.br,1
Nameserver,ns1.divulgaabc.com.br,1
Nameserver,ns4.divulgaabc.com.br,1
Nameserver,ns2.powerfulgamingservers.com,1
Nameserver,ns1.powerfulgamingservers.com,1
Nameserver,ns2.proserveuk.com,1
Nameserver,ns1.proserveuk.com,1
Nameserver,ns3.proserveuk.com,1
Nameserver,ns1060.ui-dns.biz,1
Nameserver,ns1105.ui-dns.de,1
Nameserver,ns1107.ui-dns.org,1
Nameserver,ns2.bh-in-30.webhostbox.net,1
Nameserver,ns1.bh-in-30.webhostbox.net,1
Nameserver,ns2.yeni1zemin.com,1
Nameserver,ns1.yeni1zemin.com,1
Nameserver,ns1.se-ocm.com,1
Nameserver,ns2.se-ocm.com,1
Nameserver,ns8470.hostgator.com,1
Nameserver,ns8469.hostgator.com,1
Nameserver,ns4.openhostingservice.com,1
Nameserver,ns1.openhostingservice.com,1
Nameserver,ns2.openhostingservice.com,1
Nameserver,ns3.openhostingservice.com,1
Nameserver,ns5.openhostingservice.com,1
Nameserver,ns2.gracetec.com,1
Nameserver,ns1.gracetec.com,1
Nameserver,ns82.domaincontrol.com,1
Nameserver,ns81.domaincontrol.com,1
Nameserver,ns2.htu.edu.gh,1
Nameserver,ns1.htu.edu.gh,1
Nameserver,ns2.dns24.hu,1
Nameserver,ns3.dns24.hu,1
Nameserver,ns1.dns24.hu,1
Nameserver,ns4.dns24.hu,1
Nameserver,ns-591.awsdns-09.net,1
Nameserver,ns-1121.awsdns-12.org,1
Nameserver,ns-2003.awsdns-58.co.uk,1
Nameserver,ns3.oxa.host,1
Nameserver,ns1.oxa.host,1
Nameserver,ns1.shabakah.net.sa,1
Nameserver,ns2.shabakah.net.sa,1
Nameserver,ns117.inhostedns.com,1
Nameserver,ns317.inhostedns.org,1
Nameserver,ns217.inhostedns.net,1
Nameserver,ns3cqz.name.com,1
Nameserver,ns4hny.name.com,1
Nameserver,ns2clp.name.com,1
Nameserver,ns1dns.name.com,1
Nameserver,stella.ns.cloudflare.com,1
Nameserver,vxsct3209.avnam.net,1
Nameserver,ns1.esseguro.net,1
Nameserver,serena.ns.cloudflare.com,1
Nameserver,ns1122.ui-dns.org,1
Nameserver,ns1048.ui-dns.com,1
Nameserver,ns1.websupport.cz,1
Nameserver,ns3.websupport.eu,1
Nameserver,ns2.websupport.cz,1
Nameserver,ns1.hostinghub.in,1
Nameserver,ns2.hostinghub.in,1
Nameserver,ns2.ds7.com.br,1
Nameserver,ns1.ds7.com.br,1
Nameserver,ns3.ds7.com.br,1
Nameserver,ns1062.ui-dns.biz,1
Nameserver,ns1062.ui-dns.de,1
Nameserver,ns2.allsecurenet.com,1
Nameserver,ns0.allsecurenet.com,1
Nameserver,ns113.hostgator.mx,1
Nameserver,ns112.hostgator.mx,1
Nameserver,ns-425.awsdns-53.com,1
Nameserver,ns-694.awsdns-22.net,1
Nameserver,ns-1741.awsdns-25.co.uk,1
Nameserver,ns-1177.awsdns-19.org,1
Nameserver,ns2.geekbox.co.uk,1
Nameserver,ns1.geekbox.co.uk,1
Nameserver,ns1.asitcare.com,1
Nameserver,ns2.asitcare.com,1
Nameserver,ns68.pointdnshere.net,1
Nameserver,ns67.pointdnshere.net,1
Nameserver,ns2.colombiahosting.com.co,1
Nameserver,ns1.colombiahosting.com.co,1
Nameserver,ns4.colombiahosting.com.co,1
Nameserver,ns3.colombiahosting.com.co,1
Nameserver,ns3.nshost2.net,1
Nameserver,ns2.nshost2.de,1
Nameserver,ns1.nshost2.de,1
Nameserver,mia.ns.cloudflare.com,1
Nameserver,ns02.1blu.de,1
Nameserver,ns01.1blu.de,1
Nameserver,cns60.hostgator.com,1
Nameserver,cns59.hostgator.com,1
Nameserver,ns2.avirahost.com.br,1
Nameserver,ns1.avirahost.com.br,1
Nameserver,logan.ns.cloudflare.com,1
Nameserver,ns2.siniestro.net,1
Nameserver,ns1.siniestro.net,1
Nameserver,ns3.e-connection.com.au,1
Nameserver,ns2.e-connection.com.au,1
Nameserver,ns1.e-connection.com.au,1
Nameserver,ns4.e-connection.com.au,1
Nameserver,ns02.forward.antagonist.net,1
Nameserver,ns01.forward.antagonist.nl,1
Nameserver,ns2.antagus.de,1
Nameserver,ns1.antagus.de,1
Nameserver,ns1.loopiagroup.com,1
Nameserver,ns2.loopiagroup.com,1
Nameserver,ns1.cloud-9012a8.managed-vps.net,1
Nameserver,ns2.cloud-9012a8.managed-vps.net,1
Nameserver,ns2.websitestoimpress.com,1
Nameserver,ns1.websitestoimpress.com,1
Nameserver,cns152.hostgator.com,1
Nameserver,cns151.hostgator.com,1
Nameserver,ns2.md-in-52.webhostbox.net,1
Nameserver,ns1.md-in-52.webhostbox.net,1
Nameserver,ns2.surfweb.com.ng,1
Nameserver,ns1.surfweb.com.ng,1
Nameserver,ns12.netandhost.com,1
Nameserver,ns11.netandhost.com,1
Nameserver,ns2.e-webhotels.com,1
Nameserver,ns1.e-webhotels.com,1
Nameserver,ns805.hostgator.com.br,1
Nameserver,ns804.hostgator.com.br,1
Nameserver,ns4.rumahweb.net,1
Nameserver,ns1.rumahweb.com,1
Nameserver,ns2.rumahweb.com,1
Nameserver,ns3.rumahweb.net,1
Nameserver,ns2.werbekracher.de,1
Nameserver,ns1.werbekracher.de,1
Nameserver,dns12.servidoresdns.net,1
Nameserver,dns11.servidoresdns.net,1
Nameserver,dns2.avecomgroup.com,1
Nameserver,dns5.avecomgroup.com,1
Nameserver,dns4.avecomgroup.com,1
Nameserver,dns3.avecomgroup.com,1
Nameserver,dns1.avecomgroup.com,1
Nameserver,ns1.arvixeshared.com,1
Nameserver,ns2.arvixeshared.com,1
Nameserver,ns2.softwarelinkers.net,1
Nameserver,ns1.softwarelinkers.net,1
Nameserver,ns1.pierreetvigne.fr,1
Nameserver,ns2.pierreetvigne.fr,1
Nameserver,ns4.totalnameservers.com,1
Nameserver,ns3.totalnameservers.com,1
Nameserver,ns02.vtx.ch,1
Nameserver,ns01.vtx.ch,1
Nameserver,ns3.productsdesigner.com,1
Nameserver,ns1.productsdesigner.com,1
Nameserver,ns2.productsdesigner.com,1
Nameserver,ns2.cmshigh.com,1
Nameserver,ns1.cmshigh.com,1
Nameserver,ns2.modns.fr,1
Nameserver,ns1.modns.fr,1
Nameserver,ns2.sociolance.com,1
Nameserver,ns1.sociolance.com,1
Nameserver,dns1.rstreaming.net,1
Nameserver,dns2.rstreaming.net,1
Nameserver,ns1.worldnic.com,1
Nameserver,ns2.worldnic.com,1
Nameserver,ns1.nameself.com,1
Nameserver,ns2.nameself.com,1
Nameserver,ns2.bh-5.webhostbox.net,1
Nameserver,ns1.bh-5.webhostbox.net,1
Nameserver,ns1.srv85.pnxus.com,1
Nameserver,ns2.srv85.pnxus.com,1
Nameserver,ns-940.awsdns-53.net,1
Nameserver,ns-453.awsdns-56.com,1
Nameserver,ns-2022.awsdns-60.co.uk,1
Nameserver,ns-1214.awsdns-23.org,1
Nameserver,dns12.hichina.com,1
Nameserver,dns11.hichina.com,1
Nameserver,ns1097.ui-dns.biz,1
Nameserver,ns2.thinline.cz,1
Nameserver,ns1.thinline.cz,1
Nameserver,ns3.cesky-hosting.eu,1
Nameserver,dns3.computerville.it,1
Nameserver,dns.computerville.it,1
Nameserver,dns2.computerville.it,1
Nameserver,ns57.1and1.com,1
Nameserver,ns58.1and1.com,1
Nameserver,ns8004.hostgator.com,1
Nameserver,ns8003.hostgator.com,1
Nameserver,bdix6.fivedns.com,1
Nameserver,bdix5.fivedns.com,1
Nameserver,roxy.ns.cloudflare.com,1
Nameserver,howard.ns.cloudflare.com,1
Nameserver,ns79.worldnic.com,1
Nameserver,ns80.worldnic.com,1
Nameserver,ns119.inhostedns.com,1
Nameserver,ns319.inhostedns.org,1
Nameserver,ns219.inhostedns.net,1
Nameserver,ns1304.websitewelcome.com,1
Nameserver,ns1303.websitewelcome.com,1
Nameserver,ns218552.ztomy.com,1
Nameserver,ns118552.ztomy.com,1
Nameserver,ns1.cloud-631bb1.managed-vps.net,1
Nameserver,ns2.cloud-631bb1.managed-vps.net,1
Nameserver,ns302.hostgator.com.br,1
Nameserver,ns303.hostgator.com.br,1
Nameserver,ns49.guzelhosting.com,1
Nameserver,ns50.guzelhosting.com,1
Nameserver,dns1.papaki.gr,1
Nameserver,dns2.papaki.gr,1
Nameserver,dns3.familia2.uni5.net,1
Nameserver,dns1.familia2.uni5.net,1
Nameserver,dns2.familia2.uni5.net,1
Nameserver,dns4.familia2.uni5.net,1
Nameserver,dns.gazduire.ro,1
Nameserver,ns2.gazduire.ro,1
Nameserver,ns1.gazduire.ro,1
Nameserver,ns2.vpujes.edu.in,1
Nameserver,ns1.vpujes.edu.in,1
Nameserver,pdns13.domaincontrol.com,1
Nameserver,pdns14.domaincontrol.com,1
Nameserver,aurora.ns.cloudflare.com,1
Nameserver,kianchau.ns.cloudflare.com,1
Nameserver,lbd1.hostingbangladesh.com,1
Nameserver,lbd2.hostingbangladesh.com,1
Nameserver,dns18.hichina.com,1
Nameserver,dns17.hichina.com,1
Nameserver,ns2.trademark.iglesiaelarca.com,1
Nameserver,ns1.trademark.iglesiaelarca.com,1
Nameserver,ns1.devel.asurans.com,1
Nameserver,ns2.devel.asurans.com,1
Nameserver,ns2.storehouse.beautysupplysalonllc.com,1
Nameserver,ns1.storehouse.beautysupplysalonllc.com,1
Nameserver,ns2.samples.addisgraphix.com,1
Nameserver,ns1.samples.addisgraphix.com,1
Nameserver,ns1.api-app.uppercrafteroom.com,1
Nameserver,ns2.api-app.uppercrafteroom.com,1
Nameserver,ns2.pa-portal.benningtonspringsmhp.com,1
Nameserver,ns1.pa-portal.benningtonspringsmhp.com,1
Nameserver,ns2.shop.steadycompanion.com,1
Nameserver,ns1.shop.steadycompanion.com,1
Nameserver,ns2.platform.exathomeswebuyarizona.com,1
Nameserver,ns1.platform.exathomeswebuyarizona.com,1
Nameserver,ns1.app-front.anmaradigital.com,1
Nameserver,ns2.app-front.anmaradigital.com,1
Nameserver,aspen.ns.cloudflare.com,1
Nameserver,max.ns.cloudflare.com,1
Nameserver,ns1.desec.io,1
Nameserver,ns2.desec.org,1
Nameserver,ns2.paynhost.com,1
Nameserver,ns1.paynhost.com,1
Nameserver,ns4.monovm.host,1
Nameserver,ns3.monovm.host,1
Nameserver,irns1.netafraz.com,1
Nameserver,irns2.netafraz.com,1
Nameserver,ns1.atlasregister.net,1
Nameserver,ns2.atlasregister.net,1
Nameserver,server1.beninmaritime.bj,1
Nameserver,ns3.netim.net,1
Nameserver,ns1.netim.net,1
Nameserver,ns2.netim.net,1
Nameserver,ns1.routing.net,1
Nameserver,ns2.routing.net,1
Nameserver,ns3.routing.net,1
Nameserver,ns2.isithin.com,1
Nameserver,ns1.isithin.com,1
Nameserver,ns30.webrserver.com,1
Nameserver,ns31.webrserver.com,1
Nameserver,ns2.marinegov.org,1
Nameserver,ns1.marinegov.org,1
Nameserver,ns2.nauticacentro.com,1
Nameserver,ns1.nauticacentro.com,1
Nameserver,ns1.sedoparking.com,1
Nameserver,ns2.sedoparking.com,1
Nameserver,ns2.amzndns.org,1
Nameserver,ns1.amzndns.org,1
Nameserver,ns2.amzndns.net,1
Nameserver,ns2.amzndns.com,1
Nameserver,ns1.amzndns.net,1
Nameserver,ns2.amzndns.co.uk,1
Nameserver,ns1.amzndns.com,1
Nameserver,ns1.amzndns.co.uk,1
Nameserver,ns-470.awsdns-58.com,1
Nameserver,ns-1267.awsdns-30.org,1
Nameserver,ns-957.awsdns-55.net,1
Nameserver,ns-1631.awsdns-11.co.uk,1
Nameserver,nash.ns.cloudflare.com,1
Nameserver,ns2.101domain.com,1
Nameserver,ns1.101domain.com,1
Nameserver,ns5.101domain.com,1
Nameserver,dns4.p01.nsone.net,1
Nameserver,dns3.p01.nsone.net,1
Nameserver,dns1.p01.nsone.net,1
Nameserver,dns2.p01.nsone.net,1
Nameserver,ns-1925.awsdns-48.co.uk,1
Nameserver,ns-1149.awsdns-15.org,1
Nameserver,ns-142.awsdns-17.com,1
Nameserver,ns-679.awsdns-20.net,1
Nameserver,ns-873.awsdns-45.net,1
Nameserver,ns-1404.awsdns-47.org,1
Nameserver,ns-84.awsdns-10.com,1
Nameserver,ns-1808.awsdns-34.co.uk,1
Nameserver,rajeev.ns.cloudflare.com,1
Nameserver,ns2.uhost.co.kr,1
Nameserver,ns1.uhost.co.kr,1
Nameserver,ns.opengogo.com,1
Nameserver,ns.openhaja.com,1
Nameserver,ns2.gamgakdesign.com,1
Nameserver,ns1.gamgakdesign.com,1
Nameserver,bns3.hostcocoa.com,1
Nameserver,bns4.hostcocoa.com,1
Nameserver,bns1.hostcocoa.com,1
Nameserver,bns2.hostcocoa.com,1
Nameserver,ns-88-b.gandi.net,1
Nameserver,ns-80-c.gandi.net,1
Nameserver,ns-78-a.gandi.net,1
Nameserver,ns-157-b.gandi.net,1
Nameserver,ns-154-a.gandi.net,1
Nameserver,ns-204-c.gandi.net,1
Nameserver,alpa.m2comm.co.kr,1
Nameserver,lina.m2comm.co.kr,1
Nameserver,ns2.threeany.net,1
Nameserver,ns1.threeany.net,1
Nameserver,ns70.worldnic.com,1
Nameserver,ns69.worldnic.com,1
Nameserver,ns2.tramitusa.com,1
Nameserver,ns1.tramitusa.com,1
Nameserver,ns1.park-my-domain.net,1
Nameserver,ns2.park-my-domain.net,1
Nameserver,skip.ns.cloudflare.com,1
Nameserver,ns2.brinck.org,1
Nameserver,ns1.brinck.org,1
Nameserver,ns8944.banahosting.com,1
Nameserver,ns8945.banahosting.com,1
Nameserver,ns1.renewyourname.net,1
Nameserver,ns2.renewyourname.net,1
Nameserver,anita.ns.cloudflare.com,1
Nameserver,cortney.ns.cloudflare.com,1
Nameserver,hattie.ns.cloudflare.com,1
Nameserver,kyle.ns.cloudflare.com,1
Nameserver,jule.ns.cloudflare.com,1
Nameserver,porter.ns.cloudflare.com,1
Nameserver,jen.ns.cloudflare.com,1
Nameserver,luciana.ns.cloudflare.com,1
Nameserver,alaric.ns.cloudflare.com,1
Nameserver,arnold.ns.cloudflare.com,1
Nameserver,nataly.ns.cloudflare.com,1
Nameserver,mitchell.ns.cloudflare.com,1
Nameserver,reese.ns.cloudflare.com,1
Nameserver,maleah.ns.cloudflare.com,1
Nameserver,hope.ns.cloudflare.com,1
Nameserver,syeef.ns.cloudflare.com,1
Nameserver,kyrie.ns.cloudflare.com,1
Nameserver,curt.ns.cloudflare.com,1
Nameserver,ns1.22.cn,1
Nameserver,ns2.22.cn,1
Nameserver,ns2.teodns.com,1
Nameserver,ns1.teodns.com,1
Nameserver,ns74.cloudns.uk,1
Nameserver,ns73.cloudns.net,1
Nameserver,ns71.cloudns.net,1
Nameserver,ns72.cloudns.com,1
Nameserver,celine.ns.cloudflare.com,1
Nameserver,helium.ns.hetzner.de,1
Nameserver,oxygen.ns.hetzner.com,1
Nameserver,hydrogen.ns.hetzner.com,1
Nameserver,archer.ns.cloudflare.com,1
Nameserver,razvan.ns.cloudflare.com,1
Nameserver,mid8.ns1.sslparking.com,1
Nameserver,mid8.ns2.sslparking.com,1
Nameserver,ns41.wpxhosting.com,1
Nameserver,ns40.wpxhosting.com,1
Nameserver,kelly.ns.cloudflare.com,1
Nameserver,ns2.emu-dns.com,1
Nameserver,ns1.emu-dns.com,1
Nameserver,ns2.50-6-226-201.www.hostgator.com,1
Nameserver,ns1.50-6-226-201.www.hostgator.com,1
Nameserver,ns2.dns-redirect.com,1
Nameserver,ns1.dns-redirect.com,1
Nameserver,ns0235.secondary.cloudflare.com,1
Nameserver,ns0082.secondary.cloudflare.com,1
Nameserver,ns0.cafe24.com,1
Nameserver,ns.cafe24.com,1
Nameserver,ns2.dan.com,1
Nameserver,ns1.dan.com,1
Nameserver,nsa2.squarespacedns.com,1
Nameserver,nsa1.squarespacedns.com,1
Nameserver,nsa3.squarespacedns.com,1
Nameserver,nsa4.squarespacedns.com,1
Nameserver,ns2.afraid.org,1
Nameserver,ns1.afraid.org,1
Nameserver,ns4.afraid.org,1
Nameserver,ns3.afraid.org,1
Nameserver,a.aeza-dns.net,1
Nameserver,b.aeza-dns.net,1
Nameserver,dns16.hndservers.net,1
Nameserver,dns15.hndservers.net,1
Nameserver,dns101.register.com,1
Nameserver,dns102.register.com,1
Nameserver,ns2.p42dns.com,1
Nameserver,ns1.p42dns.com,1
Nameserver,ns4.p42dns.com,1
Nameserver,ns3.p42dns.com,1
Nameserver,ame-us-ns1.ametek.com,1
Nameserver,ame-uk-ns1.ametek.com,1
Nameserver,ame-us-ns2.ametek.com,1
Nameserver,ame-uk-ns2.ametek.com,1
Nameserver,adaline.ns.cloudflare.com,1
Nameserver,b.ns36.de,1
Nameserver,a.ns36.de,1
Nameserver,ns2.eftydns.com,1
Nameserver,ns1.eftydns.com,1
Nameserver,ns02.cashparking.com,1
Nameserver,ns01.cashparking.com,1
Nameserver,ns2.gransy.com,1
Nameserver,ns.gransy.com,1
Nameserver,ns4.gransy.com,1
Nameserver,ns5.gransy.com,1
Nameserver,ns3.gransy.com,1
Nameserver,ns5.myhostadmin.net,1
Nameserver,ns6.myhostadmin.net,1
Nameserver,emerson.ns.cloudflare.com,1
Nameserver,ns2.hidc.co.kr,1
Nameserver,ns1.hidc.co.kr,1
Nameserver,ns3.ict.omantel.om,1
Nameserver,ns4.ict.omantel.om,1
Nameserver,ns2.nwns.om,1
Nameserver,ns4.nwns.om,1
Nameserver,ns3.nwns.om,1
Nameserver,ns1.nwns.om,1
Nameserver,carl.ns.cloudflare.com,1
Nameserver,ns2.unstoppabledomains.com,1
Nameserver,ns1.unstoppabledomains.com,1
Nameserver,ns2.firstvds.ru,1
Nameserver,ns1.firstvds.ru,1
Nameserver,gabriella.ns.cloudflare.com,1
Nameserver,quentin.ns.cloudflare.com,1
Nameserver,cory.ns.cloudflare.com,1
Nameserver,trace.ns.cloudflare.com,1
Nameserver,lovisa.ns.cloudflare.com,1
Nameserver,lindsey.ns.cloudflare.com,1
Nameserver,jocelyn.ns.cloudflare.com,1
Nameserver,abdullah.ns.cloudflare.com,1
Nameserver,irena.ns.cloudflare.com,1
Nameserver,ns21.hostripples.com,1
Nameserver,ns22.hostripples.com,1
Nameserver,dns1.anyservers.com,1
Nameserver,dns2.anyservers.com,1
Nameserver,ns3.devopers.com.br,1
Nameserver,ns2.devopers.com.br,1
Nameserver,ns1.devopers.com.br,1
Nameserver,chin.ns.cloudflare.com,1
Nameserver,arely.ns.cloudflare.com,1
Nameserver,iris.ns.cloudflare.com,1
Nameserver,ns-941.awsdns-53.net,1
Nameserver,ns-1540.awsdns-00.co.uk,1
Nameserver,ns-1326.awsdns-37.org,1
Nameserver,ns2.domainnetwork.se,1
Nameserver,ns.domainnetwork.se,1
Nameserver,ns-1634.awsdns-12.co.uk,1
Nameserver,ns-770.awsdns-32.net,1
Nameserver,ns-220.awsdns-27.com,1
Nameserver,ns-1199.awsdns-21.org,1
Nameserver,sns33.hostgator.in,1
Nameserver,sns34.hostgator.in,1
Nameserver,ns3cjl.name.com,1
Nameserver,ns1ksz.name.com,1
Nameserver,ns2cqs.name.com,1
Nameserver,ns2.mydataknox.com,1
Nameserver,ns1.mydataknox.com,1
Nameserver,ns2.7evenconnect.com.br,1
Nameserver,ns1.7evenconnect.com.br,1
Nameserver,ns14.wixdns.net,1
Nameserver,ns15.wixdns.net,1
Nameserver,ns3.myhostadmin.net,1
Nameserver,ns4.myhostadmin.net,1
Nameserver,kara.ns.cloudflare.com,1
Nameserver,ns1.dns.com,1
Nameserver,ns2.dns.com,1
Nameserver,far.dnspod.net,1
Nameserver,box.dnspod.net,1
Nameserver,ns4.vitamina.ppg.br,1
Nameserver,ns2.vitamina.ppg.br,1
Nameserver,ns1.vitamina.ppg.br,1
Nameserver,ns3.vitamina.ppg.br,1
Nameserver,ns2.oast.live,1
Nameserver,ns1.oast.live,1
Nameserver,ns2.oast.me,1
Nameserver,ns1.oast.me,1
Nameserver,ns2.oast.pro,1
Nameserver,ns1.oast.pro,1
Nameserver,ns2.oast.fun,1
Nameserver,ns1.oast.fun,1
Nameserver,ns691.mihanwebhost.com,1
Nameserver,ns692.mihanwebhost.com,1
Nameserver,ns1.vizcachagames.com,1
Nameserver,ns2.vizcachagames.com,1
Nameserver,ns11.wixdns.net,1
Nameserver,ns10.wixdns.net,1
Nameserver,ns2.easyname.eu,1
Nameserver,ns1.easyname.eu,1
Nameserver,ns6641.hostgator.com,1
Nameserver,ns6642.hostgator.com,1
Nameserver,dns11.se.telia.net,1
Nameserver,dns10.telia.com,1
Nameserver,dns12.se.telia.net,1
Nameserver,dns9.telia.com,1
Nameserver,ns1.idwebhost.id,1
Nameserver,ns2.idwebhost.id,1
Nameserver,ns1.yourwebhosting.com,1
Nameserver,ns2.yourwebhosting.com,1
Nameserver,ns1.websiteservername.com,1
Nameserver,ns2.websiteservername.com,1
Nameserver,ns8300.hostgator.com,1
Nameserver,ns8299.hostgator.com,1
Nameserver,ns8409.hostgator.com,1
Nameserver,ns8410.hostgator.com,1
Nameserver,ns4031.hostgator.com,1
Nameserver,ns4032.hostgator.com,1
Nameserver,ns1.serversprivacy.com,1
Nameserver,ns2.serversprivacy.com,1
Nameserver,ns111.ovh.net,1
Nameserver,dns111.ovh.net,1
Nameserver,ns61.floatweb.com,1
Nameserver,ns62.floatweb.com,1
Nameserver,ns2.mainnameserver.com,1
Nameserver,ns.mainnameserver.com,1
Nameserver,ns1040.hostgator.com.br,1
Nameserver,ns1041.hostgator.com.br,1
Nameserver,ns1017.ui-dns.com,1
Nameserver,ns1043.ui-dns.org,1
Nameserver,ns.phx6.nearlyfreespeech.net,1
Nameserver,ns.phx5.nearlyfreespeech.net,1
Nameserver,ns5.kasserver.com,1
Nameserver,ns6.kasserver.com,1
Nameserver,ns01.agenturserver.it,1
Nameserver,ns01.agenturserver.de,1
Nameserver,ns01.agenturserver.co,1
Nameserver,sns8.bigrock.com,1
Nameserver,sns7.bigrock.com,1
Nameserver,ns1660.websitewelcome.com,1
Nameserver,ns1659.websitewelcome.com,1
Nameserver,ns248.prodns.com.br,1
Nameserver,ns249.prodns.com.br,1
Nameserver,ns5.za-dns.com,1
Nameserver,ns3.za-dns.com,1
Nameserver,ns56.kreativmedia.ch,1
Nameserver,ns55.kreativmedia.ch,1
Nameserver,ns8641.hostgator.com,1
Nameserver,ns8642.hostgator.com,1
Nameserver,ns753.hostgator.com.br,1
Nameserver,ns752.hostgator.com.br,1
Nameserver,ns2.plaindns.net,1
Nameserver,ns1.plaindns.net,1
Nameserver,ns1004.hostgator.com.br,1
Nameserver,ns1005.hostgator.com.br,1
Nameserver,ali.ns.cloudflare.com,1
Nameserver,ns1.webhostinghub.com,1
Nameserver,ns2.webhostinghub.com,1
Nameserver,ns626.hostgator.com.br,1
Nameserver,ns627.hostgator.com.br,1
Nameserver,ns1.mycloudsweb.com,1
Nameserver,ns2.mycloudsweb.com,1
Nameserver,ns684.hostgator.com.br,1
Nameserver,ns685.hostgator.com.br,1
Nameserver,apollo.ns.cloudflare.com,1
Nameserver,ns-92-c.gandi.net,1
Nameserver,ns-188-a.gandi.net,1
Nameserver,ns-215-b.gandi.net,1
Nameserver,peter.ns.cloudflare.com,1
Nameserver,dns2.home.pl,1
Nameserver,dns3.home.pl,1
Nameserver,dns.home.pl,1
Nameserver,ns2.teknosos.com,1
Nameserver,ns1.teknosos.com,1
Nameserver,ns271.hostgator.com.br,1
Nameserver,ns270.hostgator.com.br,1
Nameserver,ns1.softguru.co.in,1
Nameserver,ns2.softguru.co.in,1
Nameserver,ns2.hosting.webspree.com.au,1
Nameserver,ns1.hosting.webspree.com.au,1
Nameserver,ns1.lima-city.de,1
Nameserver,ns2.lima-city.de,1
Nameserver,ns3.lima-city.de,1
Nameserver,ns2.core2cloudx.com,1
Nameserver,ns1.core2cloudx.com,1
Nameserver,josephine.ns.cloudflare.com,1
Nameserver,yevgen.ns.cloudflare.com,1
Nameserver,dara.ns.cloudflare.com,1
Nameserver,daniella.ns.cloudflare.com,1
Nameserver,tia.ns.cloudflare.com,1
Nameserver,decker.ns.cloudflare.com,1
Nameserver,ns684.websitewelcome.com,1
Nameserver,ns683.websitewelcome.com,1
Nameserver,ns2.s429.sureserver.com,1
Nameserver,ns1.s429.sureserver.com,1
Nameserver,ns2.verification-hold.dns-suspended.com,1
Nameserver,ns1.verification-hold.dns-suspended.com,1
Nameserver,ns1.cadizinformatica.com,1
Nameserver,ns2.cadizinformatica.com,1
Nameserver,a1-194.akam.net,1
Nameserver,a2-64.akam.net,1
Nameserver,a24-64.akam.net,1
Nameserver,a9-66.akam.net,1
Nameserver,a22-67.akam.net,1
Nameserver,a7-66.akam.net,1
Nameserver,ns2.laukwae.com,1
Nameserver,ns1.laukwae.com,1
Nameserver,ns1.webcorecloud.com,1
Nameserver,ns2.webcorecloud.com,1
Nameserver,ns3.webcorecloud.com,1
Nameserver,ns6.fastglobalserver.com,1
Nameserver,ns5.fastglobalserver.com,1
Nameserver,ns2.r20.com.br,1
Nameserver,ns1.r20.com.br,1
Nameserver,ns1093.ui-dns.org,1
Nameserver,april.ns.cloudflare.com,1
Nameserver,harvey.ns.cloudflare.com,1
Nameserver,dns25.hichina.com,1
Nameserver,dns26.hichina.com,1
Nameserver,brodie.ns.cloudflare.com,1
Nameserver,amanda.ns.cloudflare.com,1
Nameserver,yahir.ns.cloudflare.com,1
Nameserver,ns1.smnet.vn,1
Nameserver,ns2.smnet.vn,1
Nameserver,n14.whiteservers.net,1
Nameserver,s14.whiteservers.net,1
Nameserver,opal.ns.cloudflare.com,1
Nameserver,nvme1.hostbuddy.cloud,1
Nameserver,nvme2.hostbuddy.cloud,1
Nameserver,dns2.onliveperu.com,1
Nameserver,dns1.onliveperu.com,1
Nameserver,ns1.web-sites-solutions.com,1
Nameserver,ns2.web-sites-solutions.com,1
Nameserver,walk.ns.cloudflare.com,1
Nameserver,ns-232-a.gandi.net,1
Nameserver,ns-109-b.gandi.net,1
Nameserver,ns-135-c.gandi.net,1
Nameserver,ns6.skyhost.pk,1
Nameserver,ns5.skyhost.pk,1
Nameserver,ns8.skyhost.pk,1
Nameserver,ns7.skyhost.pk,1
Nameserver,ns8646.hostgator.com,1
Nameserver,ns8645.hostgator.com,1
Nameserver,ns1033.ui-dns.de,1
Nameserver,tiffany.ns.cloudflare.com,1
Nameserver,dax.ns.cloudflare.com,1
Nameserver,ns1.md-in-73.bigrockservers.com,1
Nameserver,ns2.md-in-73.bigrockservers.com,1
Nameserver,novalee.ns.cloudflare.com,1
Nameserver,isabel.ns.cloudflare.com,1
Nameserver,ns8424.hostgator.com,1
Nameserver,ns8423.hostgator.com,1
Nameserver,ns-1106.awsdns-10.org,1
Nameserver,ns-1567.awsdns-03.co.uk,1
Nameserver,ns-537.awsdns-03.net,1
Nameserver,ns-479.awsdns-59.com,1
Nameserver,dns3.mizbanfadns.net,1
Nameserver,dns1.mizbanfadns.net,1
Nameserver,dns4.mizbanfadns.net,1
Nameserver,dns2.mizbanfadns.net,1
Nameserver,anton.ns.cloudflare.com,1
Nameserver,ns10.airodns.com,1
Nameserver,ns11.airodns.com,1
Nameserver,ns473.websitewelcome.com,1
Nameserver,ns474.websitewelcome.com,1
Nameserver,nsb.webhosting-server.com,1
Nameserver,nsa.webhosting-server.com,1
Nameserver,demi.ns.cloudflare.com,1
Nameserver,ns-1173.awsdns-18.org,1
Nameserver,ns-328.awsdns-41.com,1
Nameserver,ns-1620.awsdns-10.co.uk,1
Nameserver,ns-674.awsdns-20.net,1
Nameserver,ns1636.websitewelcome.com,1
Nameserver,ns1635.websitewelcome.com,1
Nameserver,ns1.wablaster.co.in,1
Nameserver,ns2.wablaster.co.in,1
Registrar,"GoDaddy.com, LLC",1195
Registrar,"NameCheap, Inc.",1054
Registrar,"HOSTINGER operations, UAB",405
Registrar,PDR Ltd. d/b/a PublicDomainRegistry.com,392
Registrar,Gname.com Pte. Ltd.,378
Registrar,"NameSilo, LLC",360
Registrar,Tucows Domains Inc.,223
Registrar,Global Domain Group LLC,198
Registrar,"ENOM, INC.",179
Registrar,"NICENIC INTERNATIONAL GROUP CO., LIMITED",175
Registrar,Dynadot Inc,157
Registrar,"Gransy, s.r.o.",150
Registrar,Unstoppable Domains Inc.,118
Registrar,Web Commerce Communications Limited dba WebNic.cc,100
Registrar,IONOS SE,99
Registrar,"Network Solutions, LLC",93
Registrar,"Spaceship, Inc.",92
Registrar,CNOBIN INFORMATION TECHNOLOGY LIMITED,85
Registrar,Porkbun LLC,84
Registrar,"Cloudflare, Inc.",64
Registrar,Hello Internet Corp,64
Registrar,Bluehost Inc.,60
Registrar,Ionos SE [Tag = 1AND1],58
Registrar,TuringSign Inc. d/b/a Cosmotown,57
Registrar,GoDaddy,57
Registrar,Squarespace Domains II LLC,54
Registrar,"Name.com, Inc.",53
Registrar,Realtime Register B.V.,52
Registrar,"NameSilo,LLC",49
Registrar,Hosting Concepts B.V. d/b/a Registrar.eu,46
Registrar,Aruba s.p.a.,41
Registrar,"MarkMonitor, Inc.",40
Registrar,Dominet (HK) Limited,40
Registrar,Key-Systems GmbH,40
Registrar,"GoDaddy.com, LLC. [Tag = GODADDY]",36
Registrar,"GMO Internet, Inc.",34
Registrar,Metaregistrar BV,33
Registrar,"Wild West Domains, LLC",31
Registrar,Launchpad.com Inc.,31
Registrar,viaweb(http://viaweb.co.kr),30
Registrar,"OVH, SAS",30
Registrar,Squarespace Domains LLC,29
Registrar,Internet Domain Service BS Corp.,23
Registrar,"Go Daddy Domains Canada, Inc",23
Registrar,"Namecheap, Inc. [Tag = NAMECHEAP-INC]",23
Registrar,NAMECHEAP INC,20
Registrar,OVH,19
Registrar,DREAMHOST,19
Registrar,LWS dba Ligne Web Services,19
Registrar,NameMart Pte. Ltd.,18
Registrar,BigRock Solutions Ltd.,17
Registrar,"Domain.com - Network Solutions, LLC",16
Registrar,123-Reg Limited,15
Registrar,Synergy Wholesale Accreditations Pty Ltd,15
Registrar,Infomaniak Network SA,15
Registrar,Fasthosts Internet Ltd [Tag = LIVEDOMAINS],15
Registrar,Go Get Canada Domain Registrar Ltd.,14
Registrar,1API GmbH,14
Registrar,TLDS L.L.C. d/b/a SRSPlus,14
Registrar,Fewmoretaps OU d/b/a Trustname.com,13
Registrar,Endurance International Group India Private Limited,13
Registrar,"OwnRegistrar, Inc.",13
Registrar,Name SRS AB,13
Registrar,123-Reg Limited t/a 123-reg [Tag = 123-REG],13
Registrar,ZXCS,13
Registrar,mijn.host,13
Registrar,Gandi SAS,12
Registrar,Registrar of Domain Names REG.RU LLC,12
Registrar,CV. Jogjacamp,12
Registrar,Dreamscape Networks International Pte Ltd,12
Registrar,"Amazon Registrar, Inc.",11
Registrar,REGRU-RU,11
Registrar,NIC Chile,11
Registrar,INWX GmbH,11
Registrar,One.com A/S,11
Registrar,Gorni Interactive Ltd,10
Registrar,Stichting Registrar of Last Resort Foundation,10
Registrar,Wix.com Ltd.,9
Registrar,Eranet International Limited,9
Registrar,P.A. Viet Nam Company Limited,9
Registrar,Cronon GmbH,9
Registrar,NAMECHEAP,9
Registrar,Loopia AB,9
Registrar,team.blue nl B.V.,9
Registrar,PDR Ltd,9
Registrar,TIMEWEB-RU,8
Registrar,"Dynadot, LLC",8
Registrar,REGISTER S.P.A.,8
Registrar,"TurnCommerce, Inc. DBA NameBright.com",8
Registrar,"Alibaba Cloud Computing (Beijing) Co., Ltd.",8
Registrar,ONLINE SAS,8
Registrar,xneelo (Pty) Ltd,8
Registrar,Mesh Digital Limited,8
Registrar,THNIC,8
Registrar,"Ultahost, Inc.",8
Registrar,"Internet Invest, Ltd. dba Imena.ua",8
Registrar,"DNSPod, Inc.",7
Registrar,"Gabia, Inc.(http://www.gabia.co.kr)",7
Registrar,"Arsys Internet, S.L. dba NICLINE.COM",7
Registrar,Isimtescil Bilisim A.S,7
Registrar,Hostopia Canada Corp,7
Registrar,Whois Corp.(http://whois.co.kr),7
Registrar,Alibaba Cloud Computing Ltd. d/b/a HiChina (www.net.cn),7
Registrar,"XServer, Inc.",7
Registrar,"OnlineNIC, Inc.",7
Registrar,Dinahosting s.l.,7
Registrar,Automattic Inc.,7
Registrar,Iain Benady t/a Icom web [Tag = ICOMWEB],7
Registrar,GO54 Limited (formerly Whogohost Limited),7
Registrar,InterNetX GmbH,7
Registrar,One.com,7
Registrar,Dynadot LLC,6
Registrar,Whois Corp.,6
Registrar,"AKKY ONLINE SOLUTIONS, S.A. DE C.V.",6
Registrar,MAT BAO CORPORATION,6
Registrar,Purple IT Ltd,6
Registrar,Hostnet B.V.,6
Registrar,REG-WEDOS,6
Registrar,Realtime Register BV t/a Axidomains [Tag = AXIDOMAINS],6
Registrar,Zone Media OÜ,6
Registrar,LiveDNS Ltd,6
Registrar,Blacknight Solutions,6
Registrar,Domainipr Limited,6
Registrar,"CSC Corporate Domains, Inc.",5
Registrar,Navicosoft Pty Ltd,5
Registrar,"Cloudflare, Inc. [Tag = CLOUDFLARE]",5
Registrar,FastDomain Inc.,5
Registrar,Namecheap Inc.,5
Registrar,Porkbun,5
Registrar,nicar,5
Registrar,"Gabia, Inc.",5
Registrar,TLD Registrar Solutions Ltd.,5
Registrar,CSL Computer Service Langenbach GmbH d/b/a joker.com,5
Registrar,NETIM,5
Registrar,DonDominio (SCIP),5
Registrar,LiquidNet Ltd.,5
Registrar,"Tecnocratica Centro de Datos, S.L.",5
Registrar,Domain Robot,5
Registrar,Loopia d.o.o.,5
Registrar,RU-CENTER-RU,5
Registrar,One.com A/S [Tag = TJNF-DK],5
Registrar,InterSpace Ltd,5
Registrar,.ec DOMINIOS ECUADOR,5
Registrar,"Register.com - Network Solutions, LLC",5
Registrar,ERNET India,5
Registrar,Namemart Limited,5
Registrar,"Hefei Juming Network Technology Co., Ltd.",5
Registrar,DropCatch.com 1384 LLC,5
Registrar,"GoDaddy Corporate Domains, LLC",4
Registrar,Domain The Net Technologies Ltd,4
Registrar,Vautron Rechenzentrum AG,4
Registrar,QServers.ng,4
Registrar,DIAMATRIX C.C.,4
Registrar,GNAME.COM PTE. LTD.,4
Registrar,"COSMOTOWN, INC.",4
Registrar,Web Commerce Communications Ltd,4
Registrar,阿里云计算有限公司（万网）,4
Registrar,Gandi SAS (http://www.gandi.net),4
Registrar,"Ascio Technologies, Inc",4
Registrar,www.registrocolombia.co,4
Registrar,CYBER_FOLKS S.R.L.,4
Registrar,Porkbun LLC [Tag = PORKBUN],4
Registrar,HostAfrica,4
Registrar,BEGET-RU,4
Registrar,Afrihost,4
Registrar,Team Blue Internet Services UK Limited t/a Team Blue Internet Services Limited t/a names.co.uk [Tag = NAMESCO],4
Registrar,Registrar.eu,4
Registrar,Register 365,4
Registrar,Websupport s.r.o.,4
Registrar,Tucows.com Co.,4
Registrar,Truehost AI,4
Registrar,Register S.p.a.,4
Registrar,Web Commerce Communications (S) Pte Ltd,4
Registrar,SCALEWAY,4
Registrar,GANDI,4
Registrar,Hosting Ukraine LLC.,4
Registrar,"Chengdu west dimension digital technology Co., LTD",4
Registrar,Namecheap,4
Registrar,MarkMonitor Inc.,3
Registrar,Web Address Registration Pty Ltd,3
Registrar,Registrar NIC .DO (midominio.do),3
Registrar,CentralNic Ltd,3
Registrar,GoDaddy.com,3
Registrar,OVI HOSTING PVT LTD,3
Registrar,NIC.PE,3
Registrar,Hetzner Online GmbH,3
Registrar,"Namecheap, Inc.",3
Registrar,OVH sas,3
Registrar,Hosting Ireland/ Team Blue Internet Services IE Ltd,3
Registrar,united domains AG,3
Registrar,"DNC Holdings, Inc",3
Registrar,CV. Rumahweb Indonesia,3
Registrar,PHPNET France DBA Nuxit,3
Registrar,Tucows Inc t/a Tucows [Tag = TUCOWS-CA],3
Registrar,"Sav.com, LLC",3
Registrar,VHosting Solution S.r.l.,3
Registrar,Ghana Dot Com,3
Registrar,Realtime Register,3
Registrar,Seeweb S.r.l.,3
Registrar,Team Blue Internet Services UK Limited [Tag = GURUCLOUD],3
Registrar,"Domain.com, LLC",3
Registrar,Oman Telecommunication Company (Omantel),3
Registrar,IMAGINE SDN BHD,2
Registrar,Afriregister1,2
Registrar,Register.mu,2
Registrar,"Regional Network Information Center, JSC dba RU-CENTER",2
Registrar,北京新网数码信息技术有限公司,2
Registrar,Aceville Pte. Ltd.,2
Registrar,Government of Kingdom of Tonga,2
Registrar,REG-WEBSUPPORT,2
Registrar,REGRU-SU,2
Registrar,OPENPROV-RU,2
Registrar,"NameCheap, Inc (https://www.namecheap.com)",2
Registrar,EPAG Domainservices GmbH,2
Registrar,Sav.com LLC,2
Registrar,Awesome Projects SRL,2
Registrar,Lexsynergy Limited,2
Registrar,Wingu Networks S.A de C.V.,2
Registrar,"Netdorm, Inc. dba DnsExit.com",2
Registrar,INET CORPORATION,2
Registrar,"ТОВ ""Центр інтернет-імен України""",2
Registrar,"Dynu Systems, Inc.",2
Registrar,WHC Online Solutions Inc.,2
Registrar,"Webtasy, d.o.o.",2
Registrar,REG-HABARI,2
Registrar,NOMINALIA INTERNET S.L.,2
Registrar,Akky Online Solutions S.A. de C.V.,2
Registrar,Web4Africa Inc.,2
Registrar,cyber_Folks S.A.,2
Registrar,Cloud DNS Ltd,2
Registrar,Internet Domain Services BS Corp t/a Internet.bs [Tag = IDS-BS],2
Registrar,ICI - Registrar,2
Registrar,"DreamHost, LLC",2
Registrar,OVH SAS,2
Registrar,"NAMECHEAP, INC.",2
Registrar,Instra Corporation Pty Ltd.,2
Registrar,Dattatec Corp,2
Registrar,HOSTAFRICA EAC,2
Registrar,Mainstream Public Cloud Services d.o.o.,2
Registrar,Dreamscape Networks International Pte Ltd t/a Crazy Domains,2
Registrar,Netcom.cm Sarl,2
Registrar,HAISOFT,2
Registrar,RADIX DOMAINS d/b/a RADIX.NG,2
Registrar,REG-CZNIC,2
Registrar,DomainRegistry.com LLC,2
Registrar,Upperlink Limited,2
Registrar,HOSTAFRICA,2
Registrar,Romarg SRL,2
Registrar,OXAHOST,2
Registrar,Squarespace Domains LLC t/a SQUARESPACE DOMAINS [Tag = SQUARESPACE],2
Registrar,Letshost/ Team Blue Internet Services IE Ltd,2
Registrar,TRUEHOST CLOUD,2
Registrar,Open Provider Inc.,2
Registrar,Realtime Register BV [Tag = YOURSRS-NL],2
Registrar,Dream Technologies Group doo,2
Registrar,REG-KILIHOST,2
Registrar,"Acens Technologies, S.L.U.",2
Registrar,KEY-SYSTEMS GmbH,2
Registrar,Megazone(http://HOSTING.KR),2
Registrar,SAS Ligne Web Services - LWS,2
Registrar,NOM-IQ Ltd dba Com Laude,2
Registrar,GoDaddy.com LLC trading as GoDaddy.com,2
Registrar,Scaleway SAS,2
Registrar,"WebCreators, s. r. o.",2
Registrar,Hosting Ukraine LLC,2
Registrar,"eNom, LLC",2
Registrar,eNom LLC [Tag = ENOM],2
Registrar,Ligne Web Services SAS dba LWS,2
Registrar,Enartia Single Member S.A.,2
Registrar,Kwika Technology Limited,2
Registrar,ALSANET-REG,2
Registrar,Consulting Service Sp. z o.o.,2
Registrar,Shinjiru Technology Sdn Bhd,2
Registrar,Blacknight Internet Solutions Ltd.,2
Registrar,Server Plan s.r.l.,2
Registrar,REGTIME-RU,2
Registrar,Hosting Concepts B.V. d/b/a Openprovider,2
Registrar,NIC Registrar,2
Registrar,"Inames Co., Ltd.",2
Registrar,SPRINTNAMES-RU,2
Registrar,Xin Net Technology Corporation,2
Registrar,Cloud Yuqu LLC,2
Registrar,"Cloudflare, Inc",2
Registrar,成都西维数码科技有限公司,2
Registrar,Host-Age.ro Gazduire Web SRL,2
Registrar,NetPro Ltd. (Int),1
Registrar,"MarkMonitor Information Technology (Shanghai) Co., Ltd.",1
Registrar,STILEEX,1
Registrar,RegistryGate GmbH,1
Registrar,DevExpanse Ltd d/b/a Regery.com,1
Registrar,name (NAME LLC),1
Registrar,WHG Hosting Services Ltd,1
Registrar,IMMATERIALISM LIMITED,1
Registrar,Key-Systems GmbH [Tag = KEY-SYSTEMS-DE],1
Registrar,REG-INTERNET-CZ,1
Registrar,TNM-REG,1
Registrar,"Misk.com, Inc.",1
Registrar,HEBERFACILE,1
Registrar,Turkticaret.net Yazılım Hizmetleri Sanayi ve Ticaret A.Ş.,1
Registrar,AFRIREGISTER S.A.,1
Registrar,Good Domain Registry Private Limited,1
Registrar,"RegistrarSEC, LLC",1
Registrar,"Chengdu Fly-Digital Technology Co., Ltd.",1
Registrar,KOREA SERVER HOSTING INC.,1
Registrar,Atak Domain Bilgi Teknolojileri AS,1
Registrar,"Entertainment Names, Incorporated",1
Registrar,ITEASY inc(http://www.iteasy.co.kr),1
Registrar,NET-CHINESE,1
Registrar,StanCo and Istanco,1
Registrar,AFGNIC Registrar,1
Registrar,"ТОВ ""НІК.ЮЕЙ""",1
Registrar,NameCase GmbH,1
Registrar,"ПП ""РУЛЕЗ""",1
Registrar,Goldenfind Domains LLC,1
Registrar,GMO Internet Inc,1
Registrar,Key-Systems GmbH ( https://nic.at/registrar/404 ),1
Registrar,"GMO Internet Group, Inc. d/b/a Onamae.com",1
Registrar,Internet Domain Service BS Corp,1
Registrar,20i Ltd [Tag = STACK],1
Registrar,DropCatch.com 683 LLC,1
Registrar,OrangeHost LLC,1
Registrar,DropCatch.com 1389 LLC,1
Registrar,Atak Domain Bilgi Teknolojileri A.S.,1
Registrar,PlanetHoster Inc.,1
Registrar,MyISP Limited,1
Registrar,French Connexion SARL dba Domaine.fr,1
Registrar,Neubox Internet S.A. de C.V.,1
Registrar,"Wild West Domains, Inc.",1
Registrar,"DNC Holdings, Inc.",1
Registrar,CRI DOMAINS,1
Registrar,Aruba Business s.r.l.,1
Registrar,"Promo People, Inc. [Tag = PROMOPEOPLE]",1
Registrar,Nhan Hoa Software Company Ltd.,1
Registrar,Grape Inc.,1
Registrar,HOSTIDO.PL GAŁĄZKA SPÓŁKA JAWNA,1
Registrar,Vautron Rechenzentrum AG ( https://nic.at/registrar/610 ),1
Registrar,Cloud Data Hosting SRL,1
Registrar,Diamatrix C.C.,1
Registrar,Zulucom,1
Registrar,"Ascio Technologies, Inc. Danmark - Filial af Ascio technologies, Inc. USA",1
Registrar,"ТОВ ""Інтернет Інвест""",1
Registrar,Libyan Spider Network (loc),1
Registrar,EuroDNS S.A.,1
Registrar,ELIN.hu Kft. ( https://nic.at/registrar/752 ),1
Registrar,ECUADORDOMAIN S.A.,1
Registrar,TecnoWeb Chile SpA,1
Registrar,OpenSRS,1
Registrar,NITA GOV Registrar,1
Registrar,CAP CONNECT,1
Registrar,Namebay,1
Registrar,REG-WEBGLOBE,1
Registrar,C-Soft Oy,1
Registrar,Register.com Inc [Tag = REGISTER],1
Registrar,Simply.com,1
Registrar,MAX-REG,1
Registrar,GANDI SAS,1
Registrar,Melbourne IT,1
Registrar,Hostinger operations UAB,1
Registrar,"Grupo Loading Systems, SL",1
Registrar,Miss Group Ltd [Tag = HOSTEK],1
Registrar,ODTU Gelistirme Vakfi Bilgi Teknolojileri Sanayi Ve Ticaret Anonim Sirketi,1
Registrar,Visual Online S.A.,1
Registrar,INLEED,1
Registrar,Sternforth Limited t/a Webworld,1
Registrar,WHC Online Solutions Inc,1
Registrar,KWE Holding Limited,1
Registrar,Register.ca Inc.,1
Registrar,Kheweul.com SA,1
Registrar,OOREDOO,1
Registrar,CAMOO SARL,1
Registrar,TES Euro Media SRL,1
Registrar,Hebersenegal,1
Registrar,Register.ca Inc,1
Registrar,"Netfirms, LTD",1
Registrar,"Ascio Technologies, Inc. - Denmark",1
Registrar,Simply.com A/S,1
Registrar,Global Domain Group LLC [Tag = GLOBALDOMAIN],1
Registrar,Danesco Trading Ltd.,1
Registrar,HostPinnacle Cloud Limited,1
Registrar,Network Solutions Canada ULC,1
Registrar,DINAHOSTING S.L.,1
Registrar,Domain Directors Pty Ltd trading as Instra,1
Registrar,PAYROPE-REG,1
Registrar,USP Registrar,1
Registrar,IDM,1
Registrar,TLD Registrar Solutions Ltd,1
Registrar,PublicDomainRegistry.com Inc,1
Registrar,Domain Robot Enterprises Inc.,1
Registrar,Vehost,1
Registrar,HOSPEDANDO.MX,1
Registrar,Star network and promotion Ltd,1
Registrar,PDR Ltd. d/b/a PublicDomainRegistry.com [Tag = PDR-IN],1
Registrar,www.NameSRS.com,1
Registrar,Xtranet Internet Services,1
Registrar,NINDO HOST,1
Registrar,RVLT-Domains B.V.,1
Registrar,1-Grid,1
Registrar,1st Domains Limited,1
Registrar,DomainSpot LLC,1
Registrar,Telmex,1
Registrar,nazwa.pl sp. z o.o.,1
Registrar,Metaregistrar B.V.,1
Registrar,"SNAPNAMES 3, LLC",1
Registrar,Hostking,1
Registrar,VIP DOMAINE,1
Registrar,Marcaria International LLC,1
Registrar,1&1 IONOS SE,1
Registrar,PT Ardh Global Indonesia,1
Registrar,ADK MEDIA,1
Registrar,PCHOME,1
Registrar,Hosting Concepts B.V. dba Openprovider,1
Registrar,"ТОВ ""ХОСТІНГ УКРАЇНА""",1
Registrar,Fondation Restena,1
Registrar,"DSI DATA, a. s.",1
Registrar,AMEN / Agence des Médias Numériques,1
Registrar,Quantum Names LLC,1
Registrar,DominioFaiDaTe S.r.l.,1
Registrar,Hong Kong Domain Name Registration Company Limited,1
Registrar,Yeahhost Sdn Bhd,1
Registrar,"NetEarth One, Inc.",1
Registrar,"Name.com LLC t/a Name.com, Inc. [Tag = NAME-COM]",1
Registrar,"Sea Wasp, LLC",1
Registrar,CENTRALNIC CANADA INC,1
Registrar,Gname 041 Inc,1
Registrar,Fastdomains,1
Registrar,"Sav.com, LLC - 2",1
Registrar,Antagonist B.V.,1
Registrar,Netcetera Ltd t/a Netcetera [Tag = NETC],1
Registrar,S.G.S. Technologie Pvt Ltd dba Netandhost.com,1
Registrar,Genious Communications SARL/AU,1
Registrar,Total Registrations,1
Registrar,Internic.ca Inc.,1
Registrar,Exabytes Network Sdn Bhd,1
Registrar,Serverion,1
Registrar,Register.com Inc t/a Network Solutions [Tag = NSI-US],1
Registrar,"BRANDON GRAY INTERNET SERVICES, INC. DBA NAMEJUICE.COM",1
Registrar,Communigal Communication Ltd,1
Registrar,CDmon,1
Registrar,Netregistry PTY Ltd/TA Webcentral and Melbourne IT,1
Registrar,DNS Africa Ltd,1
Registrar,Immaterialism,1
Registrar,NameSilo,1
Registrar,NIC Reserved,1
Registrar,"Megazone Corp., dba HOSTING.KR",1
Registrar,Dotname Korea Corp(http://www.dotname.co.kr),1
Registrar,Hosting Concepts B.V. [Tag = REGISTRAR-EU],1
Registrar,Haulmer SpA,1
Registrar,"SNAPNAMES 28, LLC",1
Registrar,"22net, Inc.",1
Registrar,WebCC Ltd.,1
Registrar,Gransy d.o.o.,1
Registrar,Internet Resources Management SRL,1
Registrar,Sitefrenzy.com LLC,1
Registrar,Tucows.com Co,1
Registrar,UG Registrar,1
Registrar,"Dynadot, LLC t/a Dynadot [Tag = DYNADOT]",1
Registrar,DropCatch.com 922 LLC,1
Registrar,FE-SU,1
Registrar,Gulf Cyber Technology Solutions ENT (GulfCyberTech),1
Registrar,广州云讯信息科技有限公司,1
Registrar,"Interdominios, Inc.",1
Registrar,"Xiamen 35.com Information Co., Ltd.",1
Registrar,DropCatch.com 978 LLC,1
Registrar,腾讯云计算（北京）有限责任公司,1
Registrar,Annulet LLC,1
Registrar,OwnRegistrar INC,1
Registrar,Domainsofcourse.com LLC,1
Registrar,"Domainshype.com, Inc",1
Registrar,"eName Technology Co.,Ltd.",1
Registrar,easyname GmbH ( https://nic.at/registrar/414 ),1
Registrar,Rebel.ca Corp.,1
Registrar,Instra Corporation Pty Ltd,1
Registrar,Aftermarket.pl Limited,1
Registrar,united-domains GmbH,1
Registrar,ZA-DNS,1
Registrar,NetArt Registrar Sp. z o.o.,1
Registrar,"DomainPeople, Inc.",1
Registrar,REG-KEYSYSTEMS,1
Registrar,home.pl sp. z o.o.,1
Registrar,Web Commerce Communications Limited,1
Registrar,https://www.101domain.com/,1
Registrar,"BRANDON GRAY INTERNET SERVICES INC. (dba ""NameJuice.com"")",1
Registrar,Atak Domain Bilgi Teknolojileri A.Ş.,1
Registrar,DEVEXPANSE LTD d/b/a Regery.com,1
Registrar,Aruba S.p.A.,1
Registrar,Maxer Host Limited,1
Registrar,Gname 010 Inc,1
Registrar,Webcentral Group Ltd,1
Registrar,DomainContext Inc.,1
Registrar,ARDIS-RU,1
